date,close,open,high,low,volume,amount,pe_ttm
2021-01-01,5267.72,5212.93,5284.43,5190.94,21171.14,4527.96,17.41
2021-01-04,5267.72,5212.93,5284.43,5190.94,21171.14,4527.96,17.41
2021-01-05,5368.5,5245.84,5368.5,5234.38,22493.12,4980.42,17.7
2021-01-06,5417.67,5386.51,5433.47,5341.43,19377.34,4444.34,17.88
2021-01-07,5513.66,5428.39,5513.66,5413.35,21987.21,4733.85,18.17
2021-01-08,5495.43,5526.29,5547.47,5442.69,20432.5,4735.68,18.12
2021-01-11,5441.16,5504.24,5555.69,5412.5,23183.6,5222.98,17.95
2021-01-12,5596.35,5419.5,5596.35,5417.63,22422.02,4862.34,18.41
2021-01-13,5577.97,5609.26,5644.72,5535.14,26156.99,5469.6,18.38
2021-01-14,5470.46,5556.21,5568.02,5458.68,24368.34,5018.9,18.08
2021-01-15,5458.08,5471.39,5500.63,5390.27,23863.74,4757.1,18.04
2021-01-18,5518.52,5438.16,5541.46,5410.78,20705.19,4227.17,18.18
2021-01-19,5437.52,5525.97,5532.48,5415.72,21104.34,4332.05,17.95
2021-01-20,5476.43,5439.91,5496.05,5426.54,17091.33,3737.7,18.06
2021-01-21,5564.97,5492.96,5593.11,5490.56,20995.02,4531.84,18.33
2021-01-22,5569.78,5562.38,5573.66,5513.88,19930.0,4566.22,18.31
2021-01-25,5625.92,5564.12,5655.48,5543.27,19704.7,5081.67,18.5
2021-01-26,5512.97,5600.9,5600.9,5506.0,17190.46,4150.08,18.17
2021-01-27,5528.0,5505.77,5534.99,5449.64,16019.08,3768.93,18.21
2021-01-28,5377.14,5450.37,5462.24,5360.38,17048.56,3761.67,17.77
2021-01-29,5351.96,5413.97,5430.2,5288.1,18217.88,3902.88,17.72
2021-02-01,5417.65,5356.85,5422.3,5342.05,16631.37,3468.59,17.9
2021-02-02,5501.09,5429.7,5503.21,5411.52,16521.06,3800.17,18.14
2021-02-03,5485.2,5499.3,5532.89,5473.12,18805.43,4043.44,18.08
2021-02-04,5473.95,5453.98,5510.05,5411.57,18057.57,3979.95,18.05
2021-02-05,5483.41,5494.7,5550.77,5477.65,18969.96,3954.0,18.09
2021-02-08,5564.56,5506.14,5576.49,5479.85,16403.38,3675.83,18.32
2021-02-09,5686.25,5584.17,5686.25,5555.05,16488.73,3787.69,18.7
2021-02-10,5807.72,5709.68,5823.42,5707.33,17016.98,4170.56,19.09
2021-02-18,5768.38,5922.07,5930.91,5747.66,21884.87,5074.81,18.97
2021-02-19,5778.84,5734.02,5787.89,5667.32,21447.58,4564.34,19.0
2021-02-22,5597.33,5785.51,5785.51,5597.33,28212.44,5436.33,18.48
2021-02-23,5579.67,5542.68,5644.76,5541.11,23380.77,4249.04,18.4
2021-02-24,5437.57,5591.48,5598.83,5379.73,22542.86,4723.69,17.94
2021-02-25,5469.56,5494.47,5527.63,5444.16,23073.6,4122.06,18.06
2021-02-26,5336.76,5343.9,5416.32,5318.86,21226.45,4057.18,17.63
2021-03-01,5418.78,5389.25,5421.56,5345.94,17746.35,3581.47,17.86
2021-03-02,5349.63,5453.28,5454.97,5305.05,19651.11,3764.45,17.62
2021-03-03,5452.21,5327.35,5452.4,5316.48,19470.91,3376.1,17.95
2021-03-04,5280.71,5388.48,5392.37,5254.78,21277.52,3843.82,17.45
2021-03-05,5262.8,5191.97,5307.82,5174.25,20262.8,3525.4,17.44
2021-03-08,5080.02,5299.79,5326.26,5079.8,23023.16,4071.34,16.89
2021-03-09,4971.0,5066.15,5094.31,4917.91,23071.1,4144.15,16.55
2021-03-10,5003.61,5047.06,5055.28,4981.62,16992.85,3095.77,16.62
2021-03-11,5128.22,5024.56,5138.41,5020.58,18960.08,3338.59,17.01
2021-03-12,5146.38,5153.67,5153.67,5086.82,20102.06,3232.38,17.08
2021-03-15,5035.54,5116.12,5120.88,4992.4,20415.31,3307.41,16.76
2021-03-16,5079.36,5054.41,5084.31,5009.95,16139.01,2717.55,16.91
2021-03-17,5100.86,5062.77,5123.55,5020.13,14916.24,2634.92,16.95
2021-03-18,5141.77,5114.59,5160.46,5111.13,14290.15,2609.3,17.08
2021-03-19,5007.09,5068.53,5089.92,4980.76,16417.48,2829.74,16.65
2021-03-22,5057.15,5008.4,5071.34,4996.54,16740.26,2642.09,16.8
2021-03-23,5009.25,5057.06,5064.02,4966.53,15801.4,2557.55,16.66
2021-03-24,4928.69,4985.4,5024.33,4919.89,15938.6,2659.7,16.42
2021-03-25,4926.35,4904.07,4950.76,4883.66,13294.52,2197.82,16.41
2021-03-26,5037.99,4953.95,5050.83,4953.95,14592.67,2739.02,16.73
2021-03-29,5046.88,5052.26,5086.65,5010.39,14338.82,2661.77,16.79
2021-03-30,5094.73,5043.1,5106.04,5032.8,13861.86,2549.28,16.94
2021-03-31,5048.36,5085.95,5085.95,5015.61,14133.57,2410.58,16.82
2021-04-01,5110.78,5059.94,5115.43,5056.87,12032.49,2114.93,16.98
2021-04-02,5161.56,5129.85,5169.83,5116.35,12700.23,2480.6,17.13
2021-04-06,5140.34,5178.64,5181.15,5125.33,10983.42,2138.52,17.07
2021-04-07,5103.74,5141.66,5141.66,5065.19,14576.37,2462.71,16.97
2021-04-08,5112.21,5078.26,5129.13,5062.07,14177.1,2284.22,17.0
2021-04-09,5035.34,5100.04,5100.04,5022.09,12841.65,2215.2,16.76
2021-04-12,4947.75,5026.98,5045.6,4933.01,15264.43,2672.18,16.52
2021-04-13,4939.64,4949.81,4994.54,4924.2,13291.94,2257.53,16.49
2021-04-14,4980.63,4945.69,4987.12,4940.27,12086.08,2210.36,16.6
2021-04-15,4948.97,4969.91,4969.91,4900.3,10882.94,2138.21,16.5
2021-04-16,4966.18,4966.9,4979.17,4917.96,11123.99,2133.89,16.57
2021-04-19,5087.02,4966.41,5088.21,4940.75,15476.98,3079.0,16.92
2021-04-20,5083.37,5065.78,5119.86,5058.92,13654.17,2766.41,16.9
2021-04-21,5098.74,5055.24,5110.56,5047.99,12463.73,2425.75,16.93
2021-04-22,5089.24,5114.28,5119.22,5067.14,12116.76,2414.89,16.9
2021-04-23,5135.45,5088.83,5149.98,5086.49,12205.7,2643.45,17.02
2021-04-26,5077.24,5156.59,5181.11,5072.96,15138.2,3257.6,16.83
2021-04-27,5090.52,5076.64,5095.98,5042.61,12396.18,2547.38,16.87
2021-04-28,5119.24,5073.97,5119.45,5059.26,12062.03,2721.83,16.96
2021-04-29,5164.17,5128.28,5170.59,5113.65,14009.25,2941.12,17.09
2021-04-30,5123.49,5156.36,5163.25,5094.93,16012.16,3150.75,16.93
2021-05-06,5061.12,5098.8,5132.9,5037.41,15882.26,3232.58,14.74
2021-05-07,4996.05,5073.46,5093.75,4996.04,17225.83,3046.38,14.59
2021-05-10,4992.42,5001.44,5019.39,4953.7,17082.06,2826.57,14.6
2021-05-11,5023.06,4956.08,5033.49,4925.92,15152.65,2709.32,14.69
2021-05-12,5044.55,5003.82,5051.17,4995.4,12661.91,2283.44,14.76
2021-05-13,4992.97,4992.35,5022.08,4975.45,13227.94,2378.21,14.62
2021-05-14,5110.59,5007.63,5112.98,4981.29,15942.62,3188.03,14.94
2021-05-17,5184.99,5115.31,5206.69,5115.31,15388.96,3354.4,15.12
2021-05-18,5187.6,5190.93,5201.67,5156.79,11840.43,2381.82,15.14
2021-05-19,5172.27,5173.17,5193.56,5151.64,11873.0,2507.36,15.08
2021-05-20,5186.41,5167.05,5201.59,5152.04,13845.48,2770.88,15.11
2021-05-21,5134.15,5199.13,5216.16,5123.12,12476.85,2680.54,14.96
2021-05-24,5155.59,5138.81,5155.59,5092.39,12674.23,2785.13,15.02
2021-05-25,5318.48,5165.04,5324.36,5161.52,18299.68,4046.83,15.47
2021-05-26,5320.59,5326.12,5344.28,5308.74,16960.71,3464.45,15.48
2021-05-27,5338.23,5311.37,5378.48,5286.05,14846.29,3118.94,15.52
2021-05-28,5321.09,5338.73,5360.28,5288.65,16460.58,3307.12,15.48
2021-05-31,5331.57,5318.08,5331.63,5281.69,14460.33,3214.51,15.49
2021-06-01,5341.68,5320.47,5343.75,5269.26,14383.15,3218.46,15.5
2021-06-02,5289.97,5348.34,5352.64,5266.79,13775.43,2961.76,15.37
2021-06-03,5255.29,5285.71,5314.37,5255.07,14196.89,2854.49,15.22
2021-06-04,5282.28,5228.28,5334.49,5221.23,14473.21,2923.26,15.28
2021-06-07,5277.63,5284.89,5286.84,5242.95,12770.5,2804.63,15.28
2021-06-08,5232.12,5276.97,5319.04,5201.14,13055.95,3040.42,15.15
2021-06-09,5236.45,5224.95,5253.36,5215.35,12182.03,2550.75,15.18
2021-06-10,5271.47,5236.47,5299.53,5229.52,13899.2,3014.54,15.26
2021-06-11,5224.7,5275.75,5276.1,5213.6,18080.72,3653.63,15.14
2021-06-15,5166.56,5218.56,5225.5,5137.41,14288.01,3306.17,15.55
2021-06-16,5080.49,5163.25,5164.52,5076.02,12514.8,2982.87,15.33
2021-06-17,5101.89,5074.38,5123.37,5073.82,12045.25,2819.27,15.36
2021-06-18,5102.47,5104.93,5128.03,5064.92,14858.58,3566.97,15.33
2021-06-21,5090.39,5088.09,5123.78,5058.57,13218.45,3315.27,15.3
2021-06-22,5122.16,5106.07,5125.82,5086.28,13041.68,3136.9,15.4
2021-06-23,5147.39,5127.19,5171.03,5109.76,13635.61,3587.66,15.42
2021-06-24,5155.97,5156.56,5160.43,5120.58,12668.56,3126.07,15.45
2021-06-25,5239.97,5159.8,5251.61,5157.48,15493.11,3682.66,15.69
2021-06-28,5251.76,5253.61,5260.64,5226.22,13319.38,3374.53,15.71
2021-06-29,5190.54,5248.52,5248.52,5182.68,12516.3,3148.97,15.53
2021-06-30,5224.04,5189.38,5231.43,5186.63,10375.27,2810.16,15.62
2021-07-01,5229.66,5241.2,5252.26,5190.88,12724.06,3240.97,15.63
2021-07-02,5081.12,5186.66,5186.66,5074.36,13042.64,3425.79,15.22
2021-07-05,5085.79,5073.78,5098.23,5048.0,13121.16,3351.98,15.24
2021-07-06,5083.1,5089.78,5092.21,5028.51,14065.52,3628.29,15.23
2021-07-07,5140.49,5052.42,5152.77,5045.41,14854.91,3367.31,15.36
2021-07-08,5088.26,5149.31,5151.22,5078.93,17390.1,3978.8,15.21
2021-07-09,5069.44,5063.15,5081.41,5006.41,16065.32,3528.46,15.15
2021-07-12,5132.71,5108.38,5159.41,5070.32,20621.2,4372.03,15.29
2021-07-13,5142.1,5128.61,5154.05,5114.94,16648.22,3613.28,15.32
2021-07-14,5083.08,5130.75,5130.75,5075.13,18835.27,3725.68,15.12
2021-07-15,5151.46,5073.26,5153.81,5067.68,18107.71,3724.84,15.3
2021-07-16,5094.77,5140.9,5140.9,5090.63,16995.6,3625.94,15.14
2021-07-19,5113.49,5083.73,5120.82,5047.62,15319.96,3403.23,15.17
2021-07-20,5108.99,5080.22,5114.0,5067.86,12930.0,2835.43,15.15
2021-07-21,5144.04,5122.78,5160.54,5122.3,16797.65,3902.76,15.24
2021-07-22,5151.75,5150.39,5171.21,5137.88,18555.69,4182.22,15.28
2021-07-23,5089.23,5145.43,5145.43,5080.0,21653.68,4355.21,15.13
2021-07-26,4925.3,5067.31,5067.31,4859.6,22811.17,4951.54,14.67
2021-07-27,4751.31,4924.28,4940.86,4749.03,23663.12,5211.46,14.2
2021-07-28,4760.48,4714.29,4785.66,4663.9,19263.44,4197.06,14.21
2021-07-29,4850.27,4845.76,4857.97,4800.01,17332.21,4156.76,14.43
2021-07-30,4811.17,4825.7,4825.7,4761.04,18234.98,4209.44,14.32
2021-08-02,4933.74,4794.82,4938.82,4761.46,22719.49,5246.59,14.67
2021-08-03,4934.46,4909.23,4957.03,4890.85,20353.34,4711.94,14.65
2021-08-04,4978.85,4927.74,4979.29,4919.66,17546.65,4258.01,14.76
2021-08-05,4948.67,4946.17,4997.14,4921.94,16738.18,3987.72,14.67
2021-08-06,4921.56,4943.04,4944.35,4891.8,15417.97,3717.74,14.6
2021-08-09,4985.56,4890.26,5002.89,4884.04,18243.69,4088.97,14.78
2021-08-10,5043.15,4977.82,5043.76,4941.24,16705.19,4100.99,14.95
2021-08-11,5015.34,5037.08,5059.79,5009.98,18226.61,3733.86,14.89
2021-08-12,4973.35,4998.07,5016.26,4962.99,16822.37,3618.28,14.78
2021-08-13,4945.98,4958.76,4993.74,4921.28,15831.43,3524.59,14.71
2021-08-16,4941.07,4935.92,4973.38,4931.37,16195.34,3407.35,14.72
2021-08-17,4837.4,4935.0,4967.56,4823.39,18757.35,3884.57,14.42
2021-08-18,4894.24,4838.47,4909.54,4818.9,19747.44,3957.92,14.59
2021-08-19,4862.14,4886.56,4893.47,4839.57,20171.17,3974.25,14.48
2021-08-20,4769.27,4817.49,4835.15,4720.83,17763.58,4049.38,14.23
2021-08-23,4835.88,4777.73,4843.82,4764.01,16757.91,3895.99,14.42
2021-08-24,4888.39,4844.59,4906.2,4842.75,19788.32,4174.81,14.57
2021-08-25,4898.16,4890.52,4899.77,4865.76,18944.8,3718.68,14.6
2021-08-26,4801.61,4892.2,4892.2,4798.7,19761.74,3689.88,14.34
2021-08-27,4827.04,4794.97,4863.47,4793.59,18331.02,3684.21,14.41
2021-08-30,4813.27,4847.03,4849.16,4787.2,21963.58,4771.82,14.38
2021-08-31,4805.61,4803.09,4821.76,4740.75,23511.87,4608.06,14.39
2021-09-01,4869.46,4804.69,4906.4,4763.3,32672.11,5688.2,13.85
2021-09-02,4869.41,4865.82,4892.7,4845.62,26785.8,4659.54,13.85
2021-09-03,4843.06,4875.07,4886.55,4828.7,26809.19,4664.3,13.79
2021-09-06,4933.73,4841.06,4944.45,4837.79,24050.72,4527.56,14.03
2021-09-07,4992.83,4932.98,5005.96,4915.61,24417.85,4177.6,14.19
2021-09-08,4972.13,4986.8,5013.98,4955.89,26461.53,4285.91,14.15
2021-09-09,4970.01,4952.49,4970.15,4929.95,25653.02,4016.76,14.17
2021-09-10,5013.52,4967.98,5042.8,4962.37,28830.44,4727.63,14.26
2021-09-13,4991.66,5006.77,5029.72,4964.96,24991.53,4333.3,14.25
2021-09-14,4917.16,4989.83,5000.98,4907.32,24559.04,4172.46,14.06
2021-09-15,4867.32,4903.85,4903.85,4843.12,18798.47,3632.57,13.93
2021-09-16,4807.7,4866.79,4879.53,4806.14,21675.21,3935.17,13.78
2021-09-17,4855.94,4797.11,4857.96,4786.09,20195.81,3603.97,13.88
2021-09-22,4821.77,4770.73,4830.85,4765.23,19122.04,3119.53,13.83
2021-09-23,4853.2,4848.22,4877.34,4837.56,22815.11,3621.41,13.9
2021-09-24,4849.43,4845.64,4897.06,4838.54,20769.33,3618.49,13.87
2021-09-27,4877.37,4870.85,4922.56,4852.2,21596.7,4260.83,13.95
2021-09-28,4883.83,4869.08,4901.31,4846.63,17689.09,3212.72,14.0
2021-09-29,4833.93,4846.02,4868.07,4799.88,18817.14,3318.42,13.84
2021-09-30,4866.38,4843.95,4876.07,4843.95,14611.39,2832.55,13.89
2021-10-08,4929.94,4915.73,4937.09,4891.62,16896.81,3436.36,14.06
2021-10-11,4936.19,4941.29,4983.73,4930.71,16351.16,3151.86,14.08
2021-10-12,4883.84,4920.66,4925.49,4840.77,16807.93,2994.24,13.93
2021-10-13,4940.11,4880.14,4953.37,4869.83,13114.28,2800.45,14.05
2021-10-14,4913.61,4934.26,4953.92,4903.25,11955.7,2491.52,13.97
2021-10-15,4932.11,4896.56,4939.82,4881.01,14282.2,3007.28,14.04
2021-10-18,4874.78,4922.51,4922.51,4844.94,14124.52,3025.39,13.9
2021-10-19,4922.72,4869.39,4928.14,4868.81,13526.65,2829.28,14.02
2021-10-20,4910.18,4926.77,4944.02,4898.37,14153.32,2797.48,13.98
2021-10-21,4928.02,4914.74,4946.18,4893.85,14889.82,2748.03,14.04
2021-10-22,4959.73,4934.87,4989.89,4934.87,14392.62,2892.53,14.09
2021-10-25,4979.52,4940.9,4981.65,4930.11,14186.15,2994.08,14.16
2021-10-26,4963.1,4983.24,5002.57,4953.48,14088.89,3017.86,14.11
2021-10-27,4898.16,4949.23,4949.23,4884.94,14711.16,2994.6,13.94
2021-10-28,4864.14,4882.59,4898.66,4846.28,15664.95,3166.32,13.81
2021-10-29,4908.77,4861.27,4908.77,4855.76,15988.74,3687.32,13.91
2021-11-01,4890.69,4878.13,4908.21,4858.25,17158.4,3797.31,13.72
2021-11-02,4839.85,4886.18,4911.23,4797.9,18543.77,3857.32,13.57
2021-11-03,4821.11,4835.81,4858.71,4804.37,14276.38,3022.7,13.52
2021-11-04,4868.74,4841.09,4873.94,4834.74,13259.3,3086.88,13.64
2021-11-05,4842.35,4858.9,4889.68,4841.74,14778.94,3120.71,13.55
2021-11-08,4848.18,4841.15,4866.08,4827.69,13739.83,2958.94,13.56
2021-11-09,4846.74,4858.25,4870.79,4818.54,11837.55,2616.45,13.56
2021-11-10,4821.19,4832.8,4832.8,4754.0,13511.82,3010.59,13.48
2021-11-11,4898.65,4814.77,4898.65,4809.11,16048.49,3236.25,13.68
2021-11-12,4888.37,4902.93,4909.08,4875.35,13266.3,2717.73,13.64
2021-11-15,4882.38,4894.41,4906.33,4863.4,12182.31,2729.98,13.63
2021-11-16,4883.32,4880.9,4915.37,4876.5,12725.44,2840.95,13.64
2021-11-17,4885.75,4883.25,4891.52,4864.52,10845.92,2461.78,13.65
2021-11-18,4837.62,4871.42,4871.42,4830.41,11448.06,2444.85,13.54
2021-11-19,4890.06,4832.06,4892.81,4829.57,12719.83,2662.81,13.69
2021-11-22,4912.4,4895.39,4919.0,4893.27,13809.28,3161.49,13.74
2021-11-23,4913.35,4905.76,4927.52,4896.88,15430.44,3010.22,13.76
2021-11-24,4916.66,4914.03,4935.49,4899.61,13715.07,2897.07,13.78
2021-11-25,4896.44,4917.61,4921.33,4891.73,11598.4,2554.51,13.72
2021-11-26,4860.13,4886.95,4886.95,4850.81,12036.9,2430.41,13.62
2021-11-29,4851.42,4820.01,4858.53,4818.71,13362.69,2859.95,13.59
2021-11-30,4832.03,4857.18,4871.25,4810.22,12963.06,2792.68,13.55
2021-12-01,4843.85,4831.89,4844.52,4823.93,12308.68,2559.69,13.59
2021-12-02,4856.16,4839.91,4866.85,4830.32,14808.85,2780.52,13.63
2021-12-03,4901.02,4856.98,4901.02,4853.35,14405.96,3000.53,13.75
2021-12-06,4892.62,4909.43,4943.9,4888.69,17361.57,3334.06,13.73
2021-12-07,4922.1,4930.83,4934.1,4895.22,17905.35,3406.18,13.8
2021-12-08,4995.93,4934.41,4995.93,4915.79,15749.06,3290.65,13.99
2021-12-09,5078.69,5000.69,5114.5,4999.41,22056.88,4256.81,14.21
2021-12-10,5055.12,5046.27,5060.06,5035.81,19369.52,3569.18,14.14
2021-12-13,5083.8,5090.02,5143.84,5079.73,21180.16,4263.77,15.22
2021-12-14,5049.7,5066.35,5075.21,5038.86,15910.78,3186.86,15.11
2021-12-15,5005.9,5036.28,5060.37,5003.78,15052.98,2910.73,14.99
2021-12-16,5034.73,5006.61,5034.73,4987.22,14405.39,2914.75,15.09
2021-12-17,4954.76,5021.34,5022.11,4954.76,14900.54,2979.43,14.87
2021-12-20,4880.42,4934.97,4971.67,4872.68,16967.57,3175.37,14.67
2021-12-21,4913.49,4876.51,4917.8,4872.95,14333.99,2590.23,14.78
2021-12-22,4914.45,4924.58,4936.67,4903.17,13325.67,2446.42,14.77
2021-12-23,4948.74,4924.29,4948.74,4906.75,13955.54,2633.6,14.88
2021-12-24,4921.34,4953.06,4964.91,4905.98,14267.33,2904.84,14.81
2021-12-27,4919.32,4918.15,4939.69,4894.16,12410.1,2544.22,14.8
2021-12-28,4955.96,4923.69,4959.14,4913.6,13045.78,2763.17,14.88
2021-12-29,4883.48,4958.65,4958.65,4883.48,11358.7,2732.25,14.67
2021-12-30,4921.51,4882.16,4940.18,4878.65,12161.72,2680.22,14.77
2021-12-31,4940.37,4937.46,4950.36,4923.14,12131.37,2669.75,14.82
2022-01-04,4917.77,4957.98,4961.45,4874.53,15153.48,3365.17,14.76
2022-01-05,4868.12,4907.93,4916.28,4851.98,17881.61,3639.45,14.64
2022-01-06,4818.23,4842.16,4857.56,4786.43,15766.58,3217.5,14.5
2022-01-07,4822.37,4824.32,4856.65,4818.19,18713.94,3322.19,14.54
2022-01-10,4844.05,4812.23,4844.39,4780.82,15621.17,3050.34,14.59
2022-01-11,4797.77,4840.01,4850.88,4791.89,14692.8,2864.46,14.45
2022-01-12,4845.58,4818.89,4852.73,4810.92,14320.02,2931.53,14.59
2022-01-13,4765.92,4853.03,4853.06,4765.24,14251.97,2887.99,14.39
2022-01-14,4726.73,4743.91,4764.05,4723.94,14686.31,2818.28,14.25
2022-01-17,4767.28,4728.76,4775.24,4726.71,11529.57,2637.88,14.35
2022-01-18,4813.35,4766.78,4826.3,4747.92,15087.08,2827.49,14.5
2022-01-19,4780.38,4815.81,4828.75,4755.93,13392.74,2755.35,14.42
2022-01-20,4823.51,4778.26,4845.0,4777.57,16497.13,3043.44,14.53
2022-01-21,4779.31,4808.77,4818.31,4762.56,13895.26,2746.99,14.39
2022-01-24,4786.74,4753.94,4801.1,4746.45,11446.39,2462.62,14.41
2022-01-25,4678.45,4761.95,4781.39,4678.25,13366.76,2505.56,14.09
2022-01-26,4712.31,4697.1,4718.99,4648.13,10707.08,2265.53,14.19
2022-01-27,4619.88,4708.1,4708.44,4616.03,12126.38,2505.36,13.94
2022-01-28,4563.77,4641.81,4660.52,4559.83,12648.01,2639.68,13.76
2022-02-07,4634.09,4638.58,4672.65,4615.01,14484.97,2660.32,14.0
2022-02-08,4608.77,4626.44,4626.44,4522.47,15583.07,2813.65,13.97
2022-02-09,4652.06,4608.15,4659.46,4595.28,14833.55,2737.72,14.08
2022-02-10,4639.86,4657.21,4657.21,4608.09,15157.67,2872.24,14.06
2022-02-11,4601.4,4617.87,4662.6,4595.88,15597.46,3079.38,13.99
2022-02-14,4551.69,4579.42,4593.63,4530.06,14367.39,2757.38,13.84
2022-02-15,4600.1,4553.81,4601.45,4550.54,11502.56,2499.77,13.95
2022-02-16,4617.99,4619.85,4643.1,4607.22,10725.9,2101.91,14.01
2022-02-17,4629.16,4616.9,4650.16,4606.95,11001.46,2279.46,14.03
2022-02-18,4651.24,4604.57,4651.34,4598.1,10455.02,1958.26,14.1
2022-02-21,4634.31,4646.05,4646.67,4613.3,11251.65,2150.39,14.05
2022-02-22,4574.15,4601.92,4602.07,4550.8,12331.72,2468.73,13.89
2022-02-23,4623.05,4582.01,4625.3,4579.29,12295.29,2590.5,14.01
2022-02-24,4529.32,4592.07,4610.88,4488.48,18440.31,3423.47,13.75
2022-02-25,4573.42,4564.63,4611.86,4561.9,14972.26,2717.28,13.85
2022-02-28,4581.65,4563.74,4581.65,4530.68,13540.7,2483.64,13.88
2022-03-01,4619.69,4597.86,4623.43,4583.92,12313.92,2604.31,13.99
2022-03-02,4578.6,4594.02,4594.02,4558.44,11329.83,2153.0,13.89
2022-03-03,4551.63,4595.02,4599.4,4544.43,13828.59,2427.02,13.83
2022-03-04,4496.43,4513.36,4539.39,4481.49,12726.68,2499.7,13.67
2022-03-07,4352.78,4462.52,4462.52,4338.3,16219.77,3068.99,13.28
2022-03-08,4265.39,4361.64,4383.65,4252.54,16786.33,3151.77,13.03
2022-03-09,4226.35,4280.98,4304.48,4068.19,19423.29,3410.09,12.9
2022-03-10,4292.84,4326.2,4335.67,4288.51,14526.64,3016.36,13.08
2022-03-11,4306.52,4231.2,4316.04,4176.45,15239.99,2950.09,13.12
2022-03-14,4174.76,4248.15,4280.36,4174.76,13018.72,2606.92,12.75
2022-03-15,3983.81,4125.49,4163.42,3983.81,20252.47,3469.89,12.18
2022-03-16,4156.08,4053.1,4168.59,3942.86,19602.2,3788.84,12.64
2022-03-17,4237.7,4237.67,4302.74,4217.8,17940.73,3850.39,12.86
2022-03-18,4265.9,4218.47,4283.37,4194.94,14945.83,2757.91,12.95
2022-03-21,4258.75,4280.14,4287.82,4223.02,12703.64,2512.15,12.92
2022-03-22,4255.3,4252.57,4283.33,4236.69,12638.25,2262.14,12.93
2022-03-23,4276.52,4269.61,4287.58,4241.96,11708.91,2263.91,12.98
2022-03-24,4251.31,4249.53,4273.96,4216.85,10891.83,2195.94,12.91
2022-03-25,4174.57,4249.07,4254.84,4173.93,10880.8,2170.13,12.71
2022-03-28,4148.47,4128.84,4174.12,4091.3,11844.9,2134.69,12.67
2022-03-29,4134.14,4155.42,4177.21,4124.72,10026.7,1994.64,12.64
2022-03-30,4254.1,4162.17,4254.1,4160.74,13834.6,2688.69,12.96
2022-03-31,4222.6,4234.72,4247.36,4214.54,13402.92,2388.77,12.9
2022-04-01,4276.16,4198.82,4290.67,4190.08,13380.31,2447.59,13.05
2022-04-06,4263.84,4258.83,4277.52,4236.73,15906.22,2536.91,13.04
2022-04-07,4209.1,4240.02,4278.11,4205.74,13488.04,2169.96,12.89
2022-04-08,4230.77,4213.21,4237.81,4175.53,14284.38,2290.82,12.96
2022-04-11,4100.07,4203.79,4203.79,4089.09,14819.71,2652.25,12.61
2022-04-12,4179.97,4102.97,4179.97,4075.8,14428.57,2528.3,12.82
2022-04-13,4139.74,4154.41,4194.04,4139.74,12509.75,2212.81,12.73
2022-04-14,4191.57,4172.64,4217.06,4155.55,12479.13,2459.94,12.88
2022-04-15,4188.75,4162.37,4211.32,4152.97,12476.23,2262.3,12.87
2022-04-18,4166.38,4152.93,4171.74,4119.99,11750.46,2128.55,12.78
2022-04-19,4134.9,4161.93,4186.94,4115.42,11021.75,2085.71,12.72
2022-04-20,4070.79,4130.54,4136.17,4060.5,11733.17,2165.37,12.53
2022-04-21,3995.83,4048.73,4086.44,3978.37,13278.38,2270.27,12.32
2022-04-22,4013.25,3967.2,4037.08,3953.72,12210.18,2063.72,12.38
2022-04-25,3814.91,3933.45,3958.21,3814.91,16836.45,2728.89,11.83
2022-04-26,3784.12,3822.49,3871.85,3773.9,15757.76,2596.26,11.75
2022-04-27,3895.54,3758.08,3895.73,3757.09,17273.4,2969.24,12.03
2022-04-28,3921.11,3883.42,3943.43,3873.58,15305.66,2685.02,12.13
2022-04-29,4016.24,3939.62,4017.43,3898.57,17945.84,3214.15,12.39
2022-05-05,4010.21,3995.35,4039.7,3988.93,15417.07,2905.38,12.16
2022-05-06,3908.82,3928.85,3947.24,3902.05,12300.56,2148.25,11.88
2022-05-09,3877.44,3883.95,3914.11,3854.94,9293.67,1717.57,11.8
2022-05-10,3919.87,3820.63,3932.68,3808.57,13641.69,2390.6,11.9
2022-05-11,3976.42,3917.93,4033.3,3916.52,16563.23,3092.95,12.04
2022-05-12,3958.74,3949.95,3985.93,3935.59,11337.61,2020.29,12.0
2022-05-13,3988.6,3983.82,4003.85,3957.14,10996.84,1957.27,12.1
2022-05-16,3956.54,4015.0,4018.03,3947.75,11242.53,1997.18,12.0
2022-05-17,4005.89,3961.76,4005.89,3955.1,10966.15,2101.18,12.13
2022-05-18,3991.91,4015.01,4017.34,3964.75,10807.42,2018.01,12.08
2022-05-19,3999.6,3938.3,3999.6,3933.75,11629.34,2102.07,12.1
2022-05-20,4077.6,4020.82,4077.6,4020.82,14706.92,2656.09,12.32
2022-05-23,4053.98,4080.97,4080.97,4029.08,13047.78,2259.82,12.26
2022-05-24,3959.15,4052.87,4055.78,3959.15,14555.43,2477.13,12.01
2022-05-25,3983.18,3959.77,3983.62,3946.81,10773.4,1887.01,12.08
2022-05-26,3993.04,3987.68,4015.75,3938.24,12626.37,2169.87,12.11
2022-05-27,4001.3,4022.71,4051.14,3983.38,11276.93,2069.44,12.14
2022-05-30,4029.02,4020.86,4040.82,4003.38,11115.22,2111.45,12.21
2022-05-31,4091.52,4031.76,4096.2,4020.38,13541.55,2677.7,12.39
2022-06-01,4083.18,4086.62,4094.9,4058.85,11485.09,2254.16,12.35
2022-06-02,4089.57,4064.0,4091.15,4057.91,11389.36,2226.58,12.36
2022-06-06,4166.09,4090.53,4166.62,4063.91,16787.1,3240.76,12.54
2022-06-07,4179.13,4165.69,4198.09,4155.17,14299.29,2857.34,12.58
2022-06-08,4219.81,4187.15,4224.81,4158.03,15737.41,3194.8,12.69
2022-06-09,4175.67,4211.72,4227.45,4160.88,16844.92,2851.73,12.59
2022-06-10,4238.99,4145.65,4241.35,4140.22,18479.62,3240.91,12.77
2022-06-13,4189.35,4194.46,4218.23,4156.71,16847.56,3365.86,12.75
2022-06-14,4222.31,4143.22,4224.09,4102.93,17138.59,3354.19,12.88
2022-06-15,4278.22,4228.29,4348.42,4228.29,25704.66,4597.67,13.03
2022-06-16,4250.06,4282.08,4302.92,4241.08,18407.44,3372.36,12.92
2022-06-17,4309.04,4219.23,4318.77,4218.68,15864.91,3466.76,13.07
2022-06-20,4330.43,4322.83,4368.36,4297.89,16566.64,3595.69,13.1
2022-06-21,4325.57,4327.92,4357.34,4287.14,16466.76,3171.63,13.09
2022-06-22,4270.62,4331.9,4333.18,4269.25,15856.59,2986.56,12.92
2022-06-23,4343.88,4277.96,4343.88,4260.9,17088.24,3271.45,13.13
2022-06-24,4394.77,4354.55,4400.69,4346.12,16897.22,3560.55,13.26
2022-06-27,4444.26,4414.33,4472.69,4414.33,17738.57,3814.33,13.39
2022-06-28,4490.52,4442.58,4497.89,4407.35,17475.65,3616.86,13.5
2022-06-29,4421.36,4472.73,4503.13,4414.0,18727.67,3959.26,13.33
2022-06-30,4485.01,4418.07,4515.0,4418.07,15666.63,3543.44,13.49
2022-07-01,4466.72,4489.52,4500.99,4449.29,14477.96,3184.92,13.44
2022-07-04,4496.03,4447.22,4496.03,4427.82,14634.57,3569.69,13.49
2022-07-05,4489.54,4505.46,4530.32,4439.45,15496.24,3618.92,13.48
2022-07-06,4423.97,4475.48,4484.36,4393.42,14980.02,3446.73,13.28
2022-07-07,4443.47,4425.28,4457.34,4391.19,13266.09,3281.33,13.32
2022-07-08,4428.78,4468.06,4479.49,4426.89,12319.57,3040.31,13.29
2022-07-11,4354.62,4406.15,4406.15,4330.58,13444.86,2991.95,13.07
2022-07-12,4313.62,4352.65,4370.34,4296.62,13018.78,2910.72,12.95
2022-07-13,4321.46,4313.36,4341.47,4284.94,13111.32,2860.76,12.95
2022-07-14,4322.07,4308.82,4352.1,4292.76,14525.09,3015.7,12.93
2022-07-15,4248.53,4299.47,4344.86,4248.53,15021.45,3167.93,12.71
2022-07-18,4292.59,4262.15,4300.78,4217.51,12260.12,2810.55,12.85
2022-07-19,4269.34,4288.44,4288.44,4238.82,10380.57,2311.18,12.8
2022-07-20,4283.8,4291.28,4303.37,4269.97,9449.01,2123.02,12.86
2022-07-21,4236.06,4270.36,4283.15,4236.05,11715.63,2392.28,12.71
2022-07-22,4238.23,4251.79,4275.47,4207.31,10384.06,2242.95,12.71
2022-07-25,4212.64,4233.93,4234.84,4201.92,8363.67,1881.36,12.65
2022-07-26,4245.98,4220.09,4259.99,4214.53,8582.33,1976.01,12.75
2022-07-27,4225.04,4236.15,4242.1,4217.28,7890.49,1942.45,12.68
2022-07-28,4225.67,4242.27,4267.92,4223.03,10753.19,2438.71,12.68
2022-07-29,4170.1,4226.42,4243.51,4160.87,11417.93,2531.99,12.51
2022-08-01,4188.68,4160.65,4196.57,4129.45,10774.9,2511.25,12.56
2022-08-02,4107.02,4144.38,4144.38,4071.43,14222.44,2810.14,12.33
2022-08-03,4066.98,4114.83,4150.98,4058.18,11666.61,2686.96,12.22
2022-08-04,4101.54,4089.44,4108.16,4064.66,8953.26,2168.99,12.32
2022-08-05,4156.91,4109.63,4159.49,4097.86,10257.1,2473.26,12.46
2022-08-08,4148.07,4142.11,4155.73,4135.08,9020.81,2240.81,12.45
2022-08-09,4156.29,4143.67,4161.81,4131.43,8413.7,2142.24,12.47
2022-08-10,4109.74,4149.21,4160.79,4092.55,8556.58,2174.47,12.35
2022-08-11,4193.54,4130.74,4193.81,4116.06,12138.51,2696.31,12.59
2022-08-12,4191.15,4185.42,4202.47,4175.05,10680.83,2192.08,12.59
2022-08-15,4185.68,4180.0,4219.92,4174.3,10589.85,2455.4,12.57
2022-08-16,4177.84,4190.53,4208.8,4170.52,9390.61,2338.19,12.53
2022-08-17,4216.96,4182.57,4222.79,4155.17,11286.47,2520.44,12.64
2022-08-18,4180.1,4205.79,4211.91,4173.54,10105.27,2331.15,12.53
2022-08-19,4151.07,4174.55,4185.66,4151.07,11740.3,2624.94,12.46
2022-08-22,4181.4,4135.16,4183.65,4134.2,11244.27,2597.47,12.55
2022-08-23,4161.08,4175.53,4187.39,4147.41,10315.35,2391.01,12.49
2022-08-24,4082.42,4168.58,4174.16,4079.09,11906.97,2628.44,12.29
2022-08-25,4116.24,4093.29,4119.62,4058.75,11132.07,2421.5,12.4
2022-08-26,4107.55,4127.81,4139.79,4102.68,9900.05,2255.19,12.37
2022-08-29,4089.52,4063.88,4092.95,4059.6,9435.44,2030.86,12.33
2022-08-30,4075.79,4088.53,4093.14,4048.52,9330.17,1926.49,12.3
2022-08-31,4078.84,4057.14,4112.85,4046.62,13244.98,2929.75,12.31
2022-09-01,4043.74,4066.19,4090.89,4041.13,9738.71,2108.99,12.02
2022-09-02,4023.61,4054.84,4056.18,4004.91,8678.93,1844.68,11.96
2022-09-05,4015.43,4010.41,4017.0,3982.74,9376.71,2011.19,11.96
2022-09-06,4052.28,4024.47,4054.0,4009.58,11350.63,2359.22,12.06
2022-09-07,4054.98,4032.72,4067.54,4028.37,10767.81,2151.47,12.06
2022-09-08,4037.68,4059.17,4067.76,4036.02,10088.6,1868.89,12.02
2022-09-09,4093.79,4050.59,4099.01,4042.25,11842.71,2214.43,12.18
2022-09-13,4111.11,4112.01,4128.11,4097.14,11178.97,2185.21,12.22
2022-09-14,4065.36,4058.04,4089.06,4047.92,9079.37,1854.85,12.1
2022-09-15,4027.12,4078.65,4088.81,3998.86,12395.12,2543.67,12.01
2022-09-16,3932.68,4013.58,4019.41,3932.68,13719.37,2412.52,11.73
2022-09-19,3928.0,3928.42,3953.65,3910.31,9771.96,1835.74,11.72
2022-09-20,3932.84,3945.65,3957.55,3921.69,8482.41,1792.48,11.72
2022-09-21,3903.73,3921.32,3924.39,3884.23,8645.84,1689.39,11.66
2022-09-22,3869.34,3875.18,3900.27,3860.23,8094.69,1611.34,11.58
2022-09-23,3856.02,3865.1,3888.4,3829.69,9434.25,1729.05,11.56
2022-09-26,3836.68,3829.6,3893.32,3827.95,10452.6,1929.06,11.49
2022-09-27,3892.3,3844.07,3893.03,3827.93,8886.02,1859.55,11.63
2022-09-28,3828.71,3879.44,3879.44,3828.05,8659.22,1724.38,11.48
2022-09-29,3827.14,3864.32,3873.18,3808.65,8565.41,1716.36,11.48
2022-09-30,3804.89,3833.35,3848.6,3801.28,7856.0,1586.93,11.43
2022-10-10,3720.94,3806.56,3807.46,3715.71,10264.76,1946.36,11.2
2022-10-11,3727.69,3732.02,3739.81,3706.06,8394.46,1668.0,11.21
2022-10-12,3784.31,3722.87,3784.31,3661.53,10808.93,2109.31,11.35
2022-10-13,3752.67,3756.42,3783.6,3749.64,9901.89,1983.69,11.25
2022-10-14,3842.47,3783.32,3863.23,3780.84,11624.23,2565.51,11.48
2022-10-17,3846.41,3822.24,3849.62,3809.12,10419.2,2204.89,11.48
2022-10-18,3838.27,3865.83,3870.22,3831.17,8834.69,1865.56,11.45
2022-10-19,3776.53,3827.47,3840.49,3776.53,8157.48,1867.36,11.28
2022-10-20,3754.93,3746.58,3804.25,3726.79,9029.09,2037.82,11.24
2022-10-21,3742.89,3753.89,3768.69,3724.69,9875.0,1806.86,11.21
2022-10-24,3633.37,3727.92,3762.16,3619.99,13005.69,2594.51,10.91
2022-10-25,3627.45,3621.94,3670.73,3594.7,11095.39,2193.03,10.88
2022-10-26,3656.9,3633.31,3700.88,3633.31,12130.15,2424.54,10.95
2022-10-27,3631.14,3667.66,3685.08,3631.06,11799.87,2574.73,10.88
2022-10-28,3541.33,3605.16,3618.86,3533.5,11877.22,2458.16,10.65
2022-10-31,3508.7,3504.51,3553.39,3495.95,13846.57,2565.75,10.52
2022-11-01,3634.17,3519.82,3634.17,3517.62,14928.67,2950.9,10.8
2022-11-02,3677.81,3620.37,3703.47,3610.8,14159.29,2916.48,10.92
2022-11-03,3647.9,3645.06,3670.16,3628.5,11056.6,2153.79,10.84
2022-11-04,3767.17,3646.77,3782.88,3646.77,14973.49,3111.45,11.17
2022-11-07,3775.3,3754.52,3792.79,3746.37,12982.64,2511.96,11.2
2022-11-08,3749.33,3773.66,3779.12,3723.34,9901.65,1933.51,11.13
2022-11-09,3714.27,3750.78,3760.41,3711.27,8943.45,1720.3,11.04
2022-11-10,3685.69,3685.83,3701.53,3665.06,10350.93,1831.55,10.97
2022-11-11,3788.44,3787.76,3828.9,3747.09,18968.56,3444.71,11.26
2022-11-14,3794.02,3818.14,3848.41,3781.78,16966.5,3155.37,11.27
2022-11-15,3865.97,3788.93,3871.64,3775.5,15151.57,2962.68,11.46
2022-11-16,3834.39,3860.81,3877.68,3829.31,12061.1,2358.45,11.38
2022-11-17,3818.66,3821.27,3821.74,3776.57,10594.06,2195.41,11.33
2022-11-18,3801.57,3823.82,3840.3,3801.57,11507.88,2242.76,11.29
2022-11-21,3769.13,3769.63,3769.87,3734.0,9586.7,1882.3,11.2
2022-11-22,3769.57,3766.08,3809.86,3751.04,14448.63,2034.91,11.23
2022-11-23,3773.53,3760.22,3791.18,3753.21,14452.79,2010.71,11.26
2022-11-24,3756.81,3791.54,3804.9,3751.38,10107.34,1606.99,11.22
2022-11-25,3775.78,3751.28,3790.57,3743.41,14292.97,1917.11,11.3
2022-11-28,3733.24,3701.9,3736.08,3672.13,12782.57,1963.06,11.18
2022-11-29,3848.42,3766.57,3854.77,3766.57,17870.14,2890.62,11.5
2022-11-30,3853.04,3836.56,3867.66,3833.83,15751.14,2500.51,11.51
2022-12-01,3894.77,3921.3,3944.56,3893.87,16996.46,3066.78,11.61
2022-12-02,3870.95,3886.4,3898.11,3865.88,11678.64,2012.53,11.54
2022-12-05,3946.88,3907.64,3947.48,3900.67,20174.72,2966.16,11.78
2022-12-06,3968.2,3929.01,3988.9,3923.0,15510.83,2755.83,11.84
2022-12-07,3958.44,3956.67,3999.59,3944.18,14300.14,2554.91,11.79
2022-12-08,3959.18,3953.2,3971.49,3941.3,11520.0,1980.38,11.8
2022-12-09,3998.24,3961.99,4003.32,3944.44,15377.5,2681.67,11.9
2022-12-12,3953.44,3976.17,3983.43,3950.32,12593.54,2276.06,11.79
2022-12-13,3945.68,3953.55,3964.4,3939.98,10099.41,1840.21,11.78
2022-12-14,3954.89,3952.79,3972.74,3935.77,9852.8,1961.75,11.81
2022-12-15,3951.99,3954.67,3963.5,3926.5,8886.47,1819.95,11.79
2022-12-16,3954.23,3931.23,3960.47,3929.49,9317.86,1674.88,11.81
2022-12-19,3893.22,3952.77,3966.57,3878.44,10691.91,1808.01,11.62
2022-12-20,3829.02,3881.23,3881.27,3811.48,8309.68,1640.46,11.45
2022-12-21,3830.54,3839.0,3853.73,3821.4,6483.92,1234.5,11.45
2022-12-22,3836.03,3859.2,3882.13,3821.34,8370.52,1639.7,11.47
2022-12-23,3828.22,3811.62,3848.34,3805.95,6527.81,1305.59,11.45
2022-12-26,3843.49,3830.57,3856.81,3827.52,7300.57,1486.93,11.48
2022-12-27,3887.85,3860.91,3891.85,3856.58,7751.54,1520.32,11.62
2022-12-28,3871.26,3874.91,3884.72,3854.94,8442.47,1606.71,11.59
2022-12-29,3856.7,3854.24,3868.29,3838.48,7939.48,1490.11,11.53
2022-12-30,3871.63,3873.94,3887.55,3868.76,7877.33,1482.95,11.58
2023-01-03,3887.9,3864.84,3893.99,3831.25,11505.19,2075.4,11.62
2023-01-04,3892.95,3886.25,3905.9,3873.65,11066.07,1989.98,11.64
2023-01-05,3968.58,3913.49,3974.88,3912.26,11650.24,2563.13,11.84
2023-01-06,3980.89,3969.55,4000.41,3966.47,11095.3,2357.44,11.87
2023-01-09,4013.12,3998.53,4023.09,3990.71,11705.44,2332.12,11.95
2023-01-10,4017.47,4014.71,4030.46,4002.23,10175.11,2148.71,11.96
2023-01-11,4010.03,4019.88,4043.4,4008.02,9999.79,2030.0,11.95
2023-01-12,4017.87,4021.75,4030.29,4003.51,9055.26,1836.86,11.97
2023-01-13,4074.38,4032.29,4074.38,4027.89,9587.19,2121.74,12.13
2023-01-16,4137.96,4077.88,4177.1,4076.64,15139.55,3190.08,12.28
2023-01-17,4137.24,4138.84,4148.58,4118.16,9547.9,2043.82,12.27
2023-01-18,4130.31,4140.1,4151.46,4125.77,8420.06,1721.26,12.25
2023-01-19,4156.01,4125.58,4156.01,4105.98,9460.84,1927.0,12.31
2023-01-20,4181.53,4166.84,4189.83,4161.67,12355.38,2223.42,12.38
2023-01-30,4201.35,4267.62,4268.15,4197.86,16460.71,3301.93,12.43
2023-01-31,4156.86,4200.58,4212.73,4153.05,12455.08,2493.65,12.3
2023-02-01,4195.93,4170.13,4195.93,4137.77,14100.9,2655.54,12.41
2023-02-02,4181.15,4207.41,4207.41,4170.56,13382.37,2624.97,12.37
2023-02-03,4141.63,4162.03,4162.03,4103.17,11704.12,2269.15,12.26
2023-02-06,4086.88,4103.83,4105.94,4065.22,11019.27,2263.45,12.12
2023-02-07,4094.23,4098.31,4107.34,4077.96,9136.01,1835.37,12.14
2023-02-08,4076.14,4099.86,4111.47,4072.65,8478.61,1705.92,12.08
2023-02-09,4130.86,4067.56,4130.86,4064.75,10229.0,2117.23,12.23
2023-02-10,4106.31,4124.1,4125.29,4092.35,9671.67,1953.48,12.18
2023-02-13,4143.57,4098.88,4146.45,4092.27,12889.26,2519.9,12.28
2023-02-14,4145.29,4151.25,4152.05,4125.26,10249.99,2049.15,12.29
2023-02-15,4123.69,4146.85,4153.72,4115.97,12166.45,2198.56,12.23
2023-02-16,4093.49,4125.41,4167.9,4068.86,15931.06,2813.16,12.16
2023-02-17,4034.51,4086.22,4104.64,4032.93,11614.26,2257.38,12.01
2023-02-20,4133.49,4039.96,4134.86,4035.48,16179.45,2801.23,12.3
2023-02-21,4144.35,4130.06,4151.8,4116.27,14577.62,2496.74,12.33
2023-02-22,4106.95,4118.97,4134.88,4101.86,10429.03,1915.86,12.23
2023-02-23,4103.65,4106.21,4132.39,4088.21,10356.49,1971.94,12.22
2023-02-24,4061.05,4100.99,4102.61,4048.24,10098.94,1912.1,12.1
2023-02-27,4043.84,4040.46,4067.03,4034.52,9378.76,1879.59,12.06
2023-02-28,4069.46,4058.13,4074.26,4026.45,11032.36,1988.0,12.14
2023-03-01,4126.94,4068.73,4135.48,4061.22,15601.58,2553.75,12.31
2023-03-02,4117.74,4119.99,4137.25,4113.83,14821.76,2359.54,12.29
2023-03-03,4130.55,4126.02,4135.21,4100.38,16033.17,2269.15,12.36
2023-03-06,4109.01,4131.15,4132.84,4088.45,16297.18,2830.8,12.3
2023-03-07,4048.85,4103.64,4124.96,4046.57,19591.21,2724.92,12.16
2023-03-08,4034.11,4030.74,4037.29,4011.52,11793.65,1916.6,12.12
2023-03-09,4019.85,4035.84,4043.85,4000.89,11653.96,2017.38,12.09
2023-03-10,3967.14,3991.8,4004.36,3966.43,12385.54,2182.87,11.93
2023-03-13,4008.69,3962.64,4008.69,3962.64,14356.14,2428.66,12.08
2023-03-14,3984.7,3999.88,4001.94,3946.94,15054.42,2672.25,11.99
2023-03-15,3986.9,4011.84,4018.75,3986.9,14202.6,2321.01,12.02
2023-03-16,3939.15,3958.2,3981.32,3936.48,15251.56,2462.64,11.9
2023-03-17,3958.82,3971.16,4004.22,3945.25,17743.38,3055.41,11.98
2023-03-20,3939.08,3962.66,3979.55,3935.02,20526.5,3197.6,11.92
2023-03-21,3982.38,3948.16,3982.7,3948.16,14509.07,2516.32,12.01
2023-03-22,3999.44,3993.78,4016.45,3986.71,14922.9,2651.81,12.07
2023-03-23,4039.09,3985.99,4039.09,3984.0,15888.74,2964.8,12.18
2023-03-24,4027.05,4035.16,4037.84,4017.0,15944.23,2957.86,12.11
2023-03-27,4012.48,4023.3,4023.3,3987.03,16848.23,3154.75,12.04
2023-03-28,3999.51,4015.7,4023.78,3994.6,13189.51,2487.37,12.03
2023-03-29,4006.14,4013.59,4017.76,3992.67,13374.35,2638.67,12.05
2023-03-30,4038.53,4009.56,4040.5,3983.9,14990.1,2800.05,12.15
2023-03-31,4050.93,4045.45,4063.57,4039.96,13884.25,2798.64,12.17
2023-04-03,4090.57,4059.62,4094.94,4059.06,18212.43,3828.96,12.26
2023-04-04,4103.11,4089.29,4103.16,4080.07,19714.66,3944.43,12.31
2023-04-06,4096.64,4084.13,4098.83,4078.4,15070.34,3289.82,12.29
2023-04-07,4123.28,4096.9,4131.31,4092.18,12867.67,2865.68,12.34
2023-04-10,4104.81,4132.01,4132.3,4099.05,15245.3,3408.23,12.31
2023-04-11,4100.15,4108.51,4116.12,4083.49,15390.13,3241.93,12.31
2023-04-12,4097.29,4102.4,4108.25,4090.28,16596.53,3254.25,12.33
2023-04-13,4068.98,4081.39,4088.88,4059.57,15644.43,3002.91,12.27
2023-04-14,4092.0,4078.97,4098.22,4075.2,15069.57,3062.02,12.34
2023-04-17,4149.38,4090.07,4149.38,4089.51,18877.31,3418.31,12.54
2023-04-18,4162.03,4139.31,4169.67,4138.46,17018.41,3315.46,12.6
2023-04-19,4124.56,4159.39,4159.39,4118.63,16255.46,3122.2,12.49
2023-04-20,4113.02,4122.95,4125.82,4094.0,16270.67,3321.72,12.46
2023-04-21,4032.57,4114.26,4114.26,4031.91,18080.24,3478.52,12.24
2023-04-24,3982.64,4031.3,4033.64,3967.91,17009.92,3283.76,12.12
2023-04-25,3962.67,3985.11,3991.69,3925.44,17255.54,3311.11,12.1
2023-04-26,3959.23,3950.26,3975.66,3934.66,16270.2,3220.63,12.0
2023-04-27,3988.42,3948.03,3999.13,3942.82,15382.82,3048.04,12.09
2023-04-28,4029.09,3993.26,4030.45,3993.26,17950.85,3289.36,12.22
2023-05-04,4030.25,4013.47,4035.78,4001.13,22758.28,3454.93,12.4
2023-05-05,4016.88,4031.09,4047.6,3998.39,20662.69,3076.94,12.37
2023-05-08,4062.66,4028.11,4070.77,4018.96,25558.31,3595.4,12.61
2023-05-09,4027.88,4065.44,4092.85,4026.39,27930.6,3964.22,12.49
2023-05-10,3996.87,4017.94,4019.06,3984.63,20755.27,3094.85,12.33
2023-05-11,3990.66,4005.78,4018.06,3988.48,14480.46,2410.52,12.3
2023-05-12,3937.76,3987.77,3999.38,3937.53,14442.17,2289.93,12.15
2023-05-15,3998.89,3938.83,3998.89,3923.03,17625.74,2795.31,12.32
2023-05-16,3978.21,4002.52,4005.02,3966.99,13683.33,2348.41,12.25
2023-05-17,3960.17,3971.7,3982.6,3945.71,11844.82,2051.96,12.19
2023-05-18,3956.07,3965.52,3982.72,3939.55,13653.39,2291.34,12.23
2023-05-19,3944.54,3946.22,3967.28,3928.32,12021.25,2070.95,12.17
2023-05-22,3969.33,3941.0,3985.4,3935.8,10911.66,2021.86,12.24
2023-05-23,3913.19,3968.23,3971.94,3913.19,11868.51,1899.56,12.04
2023-05-24,3859.09,3903.78,3903.78,3859.09,13725.83,2117.68,11.85
2023-05-25,3850.5,3851.41,3861.38,3817.84,12415.08,2133.14,11.82
2023-05-26,3850.95,3848.42,3859.63,3815.57,10032.64,1915.38,11.83
2023-05-29,3833.94,3862.08,3866.72,3819.18,13186.0,2300.96,11.83
2023-05-30,3837.75,3827.79,3844.01,3789.27,13761.96,2445.66,11.83
2023-05-31,3798.54,3827.16,3827.16,3781.4,12638.74,2356.06,11.71
2023-06-01,3806.87,3788.59,3832.21,3786.73,13456.19,2418.3,11.74
2023-06-02,3861.83,3821.62,3865.28,3821.62,12501.51,2326.97,11.87
2023-06-05,3844.25,3860.56,3860.56,3832.46,11616.4,2111.44,11.85
2023-06-06,3808.16,3840.46,3867.85,3802.84,12578.13,2220.92,11.75
2023-06-07,3789.34,3815.48,3823.11,3780.1,9886.24,1898.8,11.71
2023-06-08,3820.19,3791.08,3834.39,3777.78,11870.09,1991.19,11.82
2023-06-09,3836.7,3822.41,3836.7,3811.22,13431.99,2472.96,11.87
2023-06-12,3844.43,3827.33,3859.72,3813.86,12675.85,2407.91,11.83
2023-06-13,3864.91,3838.13,3867.3,3833.46,11092.49,2254.35,11.87
2023-06-14,3864.02,3872.72,3891.67,3862.06,12495.58,2439.33,11.85
2023-06-15,3925.5,3871.77,3925.5,3871.77,12836.99,2826.36,11.99
2023-06-16,3963.35,3932.21,3968.01,3928.54,13976.01,2803.75,12.07
2023-06-19,3930.91,3957.03,3957.03,3922.47,13490.58,2682.13,11.97
2023-06-20,3924.24,3926.09,3937.49,3918.47,12252.03,2662.74,11.92
2023-06-21,3864.03,3909.1,3920.13,3864.03,11834.66,2436.31,11.76
2023-06-26,3809.7,3833.44,3841.29,3801.05,13399.04,2477.14,11.6
2023-06-27,3845.43,3811.69,3851.9,3806.32,11699.27,2100.98,11.72
2023-06-28,3840.8,3836.61,3846.85,3808.16,10702.15,2061.88,11.71
2023-06-29,3821.84,3836.73,3840.71,3817.38,9828.93,2041.1,11.65
2023-06-30,3842.45,3816.33,3860.03,3813.55,10126.84,2081.46,11.71
2023-07-03,3892.88,3853.29,3897.33,3853.29,13315.81,2568.77,11.88
2023-07-04,3899.01,3888.03,3899.98,3878.4,10949.45,2163.36,11.88
2023-07-05,3868.81,3895.19,3899.52,3864.13,9763.64,1884.0,11.79
2023-07-06,3842.75,3857.03,3876.89,3836.46,10012.18,1847.42,11.71
2023-07-07,3825.7,3831.6,3844.84,3819.08,10090.69,1739.19,11.66
2023-07-10,3844.33,3841.56,3865.46,3831.92,9203.34,1853.61,11.7
2023-07-11,3869.49,3853.8,3870.65,3844.52,8651.07,1775.86,11.77
2023-07-12,3843.44,3864.6,3874.04,3838.56,11152.2,2140.47,11.7
2023-07-13,3898.42,3855.66,3901.1,3855.66,12030.02,2352.79,11.88
2023-07-14,3899.1,3904.6,3908.49,3893.79,12236.48,2202.3,11.89
2023-07-17,3867.17,3881.62,3881.62,3852.26,9834.01,1746.24,11.73
2023-07-18,3854.94,3871.04,3871.04,3844.51,9143.86,1671.04,11.65
2023-07-19,3850.87,3848.48,3860.01,3830.41,7958.57,1513.11,11.65
2023-07-20,3823.69,3857.77,3875.62,3818.71,9204.21,1743.21,11.56
2023-07-21,3821.91,3816.98,3849.51,3808.8,7950.76,1571.44,11.55
2023-07-24,3805.22,3803.35,3828.79,3798.8,7548.35,1514.48,11.51
2023-07-25,3915.12,3866.64,3915.81,3866.64,16306.63,2998.54,11.83
2023-07-26,3907.01,3908.17,3912.98,3893.4,10788.17,1929.13,11.8
2023-07-27,3902.35,3914.23,3935.36,3894.69,11066.71,1968.45,11.8
2023-07-28,3992.74,3889.79,4000.92,3886.55,17973.55,3100.92,12.07
2023-07-31,4014.63,4018.89,4064.36,4002.08,19960.68,3665.44,12.11
2023-08-01,3998.0,4009.18,4031.7,3983.03,14228.69,2556.21,12.08
2023-08-02,3969.9,3985.7,4008.33,3958.51,12585.57,2048.76,11.96
2023-08-03,4004.98,3962.13,4005.0,3962.13,12900.66,2248.1,12.06
2023-08-04,4020.58,4033.72,4058.24,4011.62,17826.72,3165.3,12.11
2023-08-07,3990.15,4002.97,4002.97,3977.02,12131.07,2270.91,12.03
2023-08-08,3979.73,3980.04,4002.29,3963.46,10987.17,2026.11,12.01
2023-08-09,3967.57,3967.36,3982.11,3961.84,9464.03,1743.94,11.97
2023-08-10,3975.72,3962.86,3976.46,3945.39,9717.68,1756.47,11.99
2023-08-11,3884.25,3977.98,3977.98,3884.25,12608.29,2035.46,11.73
2023-08-14,3855.91,3840.89,3859.47,3814.07,11596.63,1976.24,11.64
2023-08-15,3846.54,3858.37,3865.28,3811.68,10309.71,1774.37,11.64
2023-08-16,3818.33,3830.83,3852.42,3817.63,9461.69,1693.24,11.55
2023-08-17,3831.1,3801.2,3836.15,3782.5,9841.55,1740.94,11.58
2023-08-18,3784.0,3832.46,3844.2,3784.0,9554.96,1684.46,11.47
2023-08-21,3729.56,3773.23,3782.11,3729.56,9870.84,1733.8,11.31
2023-08-22,3758.23,3748.07,3770.06,3704.68,12031.83,2034.64,11.42
2023-08-23,3696.63,3751.77,3756.17,3695.03,9708.16,1604.76,11.27
2023-08-24,3723.43,3711.54,3748.86,3701.57,11961.45,1962.57,11.31
2023-08-25,3709.15,3703.51,3734.22,3695.84,10518.26,1756.01,11.28
2023-08-28,3752.62,3911.55,3911.55,3740.53,19799.04,3350.48,11.42
2023-08-29,3790.11,3743.05,3810.38,3742.08,15248.61,2621.35,11.5
2023-08-30,3788.51,3803.12,3813.7,3780.24,12967.17,2267.27,11.48
2023-08-31,3765.27,3786.93,3794.0,3762.0,11896.16,1935.77,11.42
2023-09-01,3791.49,3778.91,3808.53,3778.91,10531.9,1722.19,11.49
2023-09-04,3848.95,3812.99,3854.26,3804.59,14238.52,2379.35,11.67
2023-09-05,3820.32,3839.58,3839.58,3814.33,10405.23,1813.78,11.58
2023-09-06,3812.03,3808.1,3817.52,3790.89,9344.24,1660.82,11.57
2023-09-07,3758.47,3802.23,3802.23,3756.85,9510.39,1644.06,11.44
2023-09-08,3739.99,3747.65,3753.26,3724.99,7163.82,1291.98,11.38
2023-09-11,3767.54,3740.58,3788.32,3734.72,10535.8,1868.72,11.45
2023-09-12,3760.6,3764.33,3775.09,3755.42,7938.54,1401.18,11.43
2023-09-13,3736.65,3759.61,3768.82,3719.11,8157.69,1382.38,11.38
2023-09-14,3733.51,3736.94,3748.82,3717.31,10038.61,1515.78,11.4
2023-09-15,3708.78,3740.79,3749.02,3699.38,10939.57,1803.99,11.31
2023-09-18,3727.71,3698.93,3737.53,3691.11,8672.77,1569.67,11.36
2023-09-19,3720.5,3723.42,3724.07,3702.69,8319.9,1352.17,11.37
2023-09-20,3705.69,3715.96,3718.52,3705.13,7544.82,1176.92,11.33
2023-09-21,3672.44,3698.31,3708.46,3672.44,8303.1,1350.12,11.23
2023-09-22,3738.93,3672.64,3740.42,3664.77,11023.12,1922.36,11.42
2023-09-25,3714.6,3738.06,3738.06,3711.2,9259.65,1557.94,11.35
2023-09-26,3692.89,3711.71,3723.85,3692.62,7804.45,1378.08,11.29
2023-09-27,3700.5,3694.96,3731.14,3694.39,9162.92,1647.9,11.29
2023-09-28,3689.52,3711.21,3716.06,3685.3,8522.17,1535.0,11.27
2023-10-09,3684.73,3678.93,3694.17,3642.0,10214.81,1780.72,11.25
2023-10-10,3657.13,3696.25,3701.26,3655.59,9916.37,1619.39,11.16
2023-10-11,3667.55,3674.75,3689.53,3658.36,10209.16,1876.68,11.18
2023-10-12,3702.38,3697.93,3711.5,3682.84,11436.32,1945.98,11.3
2023-10-13,3663.41,3677.96,3678.19,3652.31,9828.8,1701.52,11.21
2023-10-16,3626.6,3664.04,3664.04,3615.77,9185.31,1595.38,11.13
2023-10-17,3639.4,3635.3,3645.57,3619.13,9074.52,1470.56,11.18
2023-10-18,3610.58,3631.07,3632.06,3608.98,9454.59,1589.82,11.1
2023-10-19,3533.54,3588.52,3588.52,3532.31,11173.75,1891.95,10.86
2023-10-20,3510.59,3518.35,3535.66,3501.73,9851.86,1695.91,10.78
2023-10-23,3474.24,3500.2,3505.35,3450.65,9656.17,1520.55,10.68
2023-10-24,3487.13,3481.76,3495.0,3453.1,11554.73,1865.29,10.7
2023-10-25,3504.46,3524.3,3531.83,3500.92,12800.96,2036.92,10.72
2023-10-26,3514.14,3484.78,3515.57,3478.05,10514.36,1760.88,10.76
2023-10-27,3562.39,3501.17,3576.59,3494.55,12022.51,2243.02,10.88
2023-10-30,3583.77,3554.11,3592.72,3554.02,14401.04,2429.73,10.88
2023-10-31,3572.51,3581.68,3581.68,3554.58,11258.73,1963.18,10.87
2023-11-01,3571.03,3605.76,3606.41,3564.64,9764.55,1829.44,10.88
2023-11-02,3554.19,3580.07,3597.17,3553.74,9035.96,1494.65,10.85
2023-11-03,3584.14,3558.53,3596.1,3558.53,9754.21,1658.66,10.92
2023-11-06,3632.61,3608.32,3635.79,3600.63,15298.25,2544.66,11.01
2023-11-07,3619.76,3623.78,3628.46,3606.3,11028.86,1904.34,10.98
2023-11-08,3611.07,3610.64,3627.05,3591.82,11059.42,1925.94,10.95
2023-11-09,3612.83,3603.11,3624.41,3601.37,11187.21,1893.55,10.98
2023-11-10,3586.49,3596.07,3599.45,3576.1,10210.7,1669.25,10.91
2023-11-13,3579.41,3593.91,3599.39,3562.77,9670.76,1648.21,10.9
2023-11-14,3582.06,3581.1,3600.15,3568.88,10088.42,1659.35,10.91
2023-11-15,3607.25,3616.88,3620.6,3596.92,10492.92,1889.32,10.98
2023-11-16,3572.36,3600.98,3605.29,3572.36,8746.48,1466.29,10.89
2023-11-17,3568.07,3561.31,3573.68,3547.03,8731.92,1396.22,10.87
2023-11-20,3576.32,3569.73,3586.97,3545.1,9108.04,1574.5,10.89
2023-11-21,3581.07,3587.88,3615.06,3575.68,10859.43,1759.22,10.91
2023-11-22,3544.42,3569.44,3574.38,3544.42,8478.44,1360.41,10.82
2023-11-23,3561.52,3541.44,3562.07,3529.94,8480.02,1415.0,10.87
2023-11-24,3538.01,3560.65,3560.65,3534.0,8501.84,1401.02,10.81
2023-11-27,3511.94,3534.44,3534.44,3492.86,9910.23,1559.75,10.73
2023-11-28,3518.52,3510.66,3521.05,3501.11,8933.58,1477.41,10.74
2023-11-29,3488.31,3518.88,3519.2,3482.24,9884.14,1559.48,10.66
2023-11-30,3496.2,3485.52,3505.13,3481.45,10135.08,1537.9,10.7
2023-12-01,3482.88,3494.22,3494.22,3452.17,10853.09,1760.78,10.67
2023-12-04,3460.14,3481.04,3488.13,3459.61,9715.68,1646.64,10.61
2023-12-05,3394.26,3450.09,3450.09,3393.81,10047.2,1648.41,10.42
2023-12-06,3399.6,3387.88,3420.28,3382.95,10580.55,1721.43,10.4
2023-12-07,3391.28,3394.31,3404.41,3369.77,9771.32,1609.5,10.39
2023-12-08,3399.46,3391.86,3409.38,3383.45,12952.21,2030.34,10.42
2023-12-11,3419.45,3378.05,3426.61,3346.89,13962.62,2197.61,10.61
2023-12-12,3426.8,3410.0,3427.55,3406.1,10559.0,1669.8,10.65
2023-12-13,3369.61,3418.64,3418.64,3369.61,9528.54,1654.56,10.49
2023-12-14,3351.96,3387.38,3399.14,3350.76,8365.51,1502.46,10.43
2023-12-15,3341.55,3365.94,3388.5,3339.52,9778.78,1649.07,10.39
2023-12-18,3329.37,3329.19,3352.35,3314.91,9052.68,1423.03,10.38
2023-12-19,3334.04,3325.66,3345.78,3313.19,8380.81,1352.94,10.39
2023-12-20,3297.5,3334.33,3338.54,3297.37,9241.29,1412.91,10.29
2023-12-21,3330.87,3285.6,3339.36,3283.99,10254.62,1711.21,10.38
2023-12-22,3337.23,3329.47,3359.06,3315.9,10522.01,1673.36,10.4
2023-12-25,3347.45,3330.33,3348.88,3330.33,7454.27,1218.38,10.44
2023-12-26,3324.79,3345.4,3345.42,3315.94,7473.29,1216.9,10.39
2023-12-27,3336.36,3326.93,3341.27,3309.67,9440.39,1409.25,10.43
2023-12-28,3414.54,3335.56,3423.4,3331.21,14806.49,2458.56,10.63
2023-12-29,3431.11,3411.11,3432.54,3409.58,11492.89,1935.73,10.67
2024-01-02,3386.35,3426.27,3426.27,3386.35,11618.07,1840.96,10.57
2024-01-03,3378.3,3379.75,3392.85,3362.66,10561.39,1650.99,10.57
2024-01-04,3347.05,3375.02,3375.02,3323.86,10672.1,1655.12,10.5
2024-01-05,3329.11,3341.31,3372.54,3313.55,12640.06,1822.52,10.45
2024-01-08,3286.06,3322.61,3333.52,3283.34,11742.95,1707.62,10.33
2024-01-09,3292.5,3286.71,3304.6,3273.84,10933.05,1722.76,10.34
2024-01-10,3277.13,3281.67,3312.92,3268.25,9419.94,1597.78,10.29
2024-01-11,3295.67,3275.31,3311.11,3266.79,10878.97,1809.79,10.31
2024-01-12,3284.17,3284.36,3310.47,3279.7,9685.36,1565.36,10.29
2024-01-15,3280.92,3270.1,3306.92,3261.27,8885.15,1443.32,10.29
2024-01-16,3300.88,3272.57,3300.88,3260.44,11327.67,1756.51,10.35
2024-01-17,3229.08,3291.14,3291.14,3229.08,10876.97,1735.16,10.15
2024-01-18,3274.73,3214.28,3279.25,3171.63,17490.92,2567.85,10.26
2024-01-19,3269.78,3261.24,3286.94,3251.81,11850.14,1912.62,10.24
2024-01-22,3218.9,3262.47,3281.42,3193.18,14870.56,2255.1,10.1
2024-01-23,3231.93,3208.43,3249.53,3188.13,12201.2,1937.91,10.14
2024-01-24,3277.11,3245.96,3281.49,3190.47,15437.2,2190.36,10.31
2024-01-25,3342.92,3274.34,3344.24,3269.79,19683.36,2655.21,10.56
2024-01-26,3333.82,3326.65,3351.97,3315.13,18066.4,2381.45,10.57
2024-01-29,3303.96,3335.39,3351.37,3303.96,18416.48,2446.98,10.51
2024-01-30,3245.04,3283.9,3300.2,3244.97,14364.94,1995.93,10.35
2024-01-31,3215.35,3231.54,3252.15,3201.93,15314.35,2153.33,10.29
2024-02-01,3217.71,3202.26,3251.76,3191.9,14551.68,2038.15,10.27
2024-02-02,3179.63,3219.87,3235.41,3108.35,17375.81,2344.95,10.18
2024-02-05,3200.42,3164.25,3233.85,3111.52,20304.3,2797.13,10.29
2024-02-06,3311.69,3185.25,3314.51,3182.82,20271.31,2850.42,10.59
2024-02-07,3343.63,3314.03,3343.63,3289.67,21664.79,2979.98,10.66
2024-02-08,3364.93,3351.41,3367.21,3336.98,18997.76,2702.4,10.7
2024-02-19,3403.81,3393.19,3403.81,3364.14,18331.98,2676.74,10.87
2024-02-20,3410.85,3395.19,3415.89,3380.1,14073.46,2184.59,10.9
2024-02-21,3456.87,3390.36,3500.13,3383.69,18887.94,2918.24,11.03
2024-02-22,3486.67,3450.35,3486.68,3448.41,14102.08,2250.98,11.15
2024-02-23,3489.74,3491.34,3507.56,3472.97,14482.13,2329.26,11.16
2024-02-26,3453.36,3485.54,3492.61,3445.39,15124.83,2389.52,11.0
2024-02-27,3494.79,3440.05,3494.79,3437.44,13952.82,2444.89,11.11
2024-02-28,3450.26,3499.83,3521.66,3450.26,18983.75,3283.01,10.99
2024-02-29,3516.08,3437.9,3516.08,3437.9,15594.45,2819.72,11.17
2024-03-01,3537.8,3515.06,3544.36,3503.46,16270.96,2885.76,11.22
2024-03-04,3540.87,3538.37,3548.69,3519.76,16324.46,2977.2,11.25
2024-03-05,3565.51,3524.96,3570.69,3519.08,16642.24,2998.96,11.34
2024-03-06,3551.05,3556.53,3577.39,3545.1,14307.66,2482.94,11.28
2024-03-07,3529.72,3548.1,3569.92,3522.9,14811.05,2518.4,11.24
2024-03-08,3544.91,3529.55,3548.51,3511.58,12579.27,2253.79,11.28
2024-03-11,3589.26,3545.94,3589.26,3542.28,14820.28,2864.19,11.38
2024-03-12,3597.49,3592.58,3605.7,3574.21,18068.56,3399.97,11.35
2024-03-13,3572.36,3594.42,3594.42,3563.37,14459.06,2668.99,11.27
2024-03-14,3562.22,3571.79,3597.46,3545.61,14096.27,2638.04,11.25
2024-03-15,3569.99,3554.91,3572.81,3533.68,13831.6,2439.92,11.27
2024-03-18,3603.53,3577.06,3604.05,3573.4,16037.94,2953.15,11.36
2024-03-19,3577.63,3593.34,3610.74,3577.19,14557.18,2595.53,11.29
2024-03-20,3585.38,3568.72,3589.55,3568.43,12952.9,2237.52,11.34
2024-03-21,3581.09,3593.07,3601.11,3575.03,13074.34,2331.62,11.33
2024-03-22,3545.0,3571.27,3575.72,3522.84,13922.74,2488.51,11.23
2024-03-25,3525.76,3536.71,3564.96,3525.76,13701.57,2337.47,11.2
2024-03-26,3543.75,3526.68,3547.65,3518.6,12620.95,2267.31,11.25
2024-03-27,3502.79,3538.72,3542.96,3502.79,12862.68,2164.05,11.15
2024-03-28,3520.96,3498.48,3551.21,3489.39,14333.47,2325.31,11.18
2024-03-29,3537.48,3516.88,3538.24,3516.88,12864.33,2017.49,11.26
2024-04-01,3595.65,3551.58,3600.92,3551.58,16277.66,2516.37,11.4
2024-04-02,3580.68,3593.22,3596.19,3568.75,14127.3,2202.08,11.38
2024-04-03,3567.8,3578.68,3582.43,3558.87,13559.23,2142.23,11.36
2024-04-08,3536.41,3553.56,3567.82,3535.77,15530.43,2432.49,11.29
2024-04-09,3533.49,3533.38,3543.71,3518.86,12967.09,1958.94,11.26
2024-04-10,3504.71,3528.97,3531.23,3490.05,12879.03,1997.55,11.2
2024-04-11,3504.24,3485.03,3520.59,3484.93,12653.44,2002.93,11.19
2024-04-12,3475.84,3505.75,3516.7,3470.06,12892.11,2085.66,11.12
2024-04-15,3549.08,3473.5,3552.41,3473.5,18394.13,2674.72,11.38
2024-04-16,3511.11,3533.36,3545.5,3503.62,17615.31,2533.16,11.31
2024-04-17,3565.4,3509.13,3565.94,3498.03,16846.64,2449.88,11.45
2024-04-18,3569.8,3550.56,3602.79,3547.6,17857.41,2613.3,11.46
2024-04-19,3541.66,3550.61,3560.95,3529.32,14728.15,2262.3,11.4
2024-04-22,3530.9,3536.18,3558.16,3528.02,15057.9,2295.11,11.34
2024-04-23,3506.22,3525.67,3533.76,3499.98,14311.35,2132.57,11.26
2024-04-24,3521.62,3514.01,3524.54,3495.65,12173.99,1953.0,11.3
2024-04-25,3530.28,3510.64,3543.97,3505.2,11518.77,1845.25,11.34
2024-04-26,3584.27,3531.96,3588.4,3531.96,19721.61,3080.45,11.47
2024-04-29,3623.91,3584.54,3645.82,3578.76,22272.14,3587.1,11.54
2024-04-30,3604.39,3619.26,3630.71,3604.39,19129.69,2866.74,11.5
2024-05-06,3657.88,3654.05,3668.26,3645.74,20801.8,3332.7,12.59
2024-05-07,3659.01,3657.0,3665.68,3648.38,16483.43,2473.68,12.61
2024-05-08,3630.22,3650.75,3650.94,3628.7,13003.53,1999.23,12.53
2024-05-09,3664.56,3630.41,3669.76,3630.41,14655.9,2326.95,12.61
2024-05-10,3666.28,3669.09,3674.61,3641.76,15072.05,2337.31,12.62
2024-05-13,3664.69,3646.35,3673.62,3634.6,15726.75,2496.88,12.61
2024-05-14,3657.05,3668.23,3675.78,3646.71,13340.65,2146.44,12.58
2024-05-15,3626.06,3651.05,3656.53,3624.0,12352.28,1914.81,12.49
2024-05-16,3640.36,3636.6,3657.48,3626.33,15463.05,2402.89,12.53
2024-05-17,3677.97,3638.56,3677.97,3627.45,16457.04,2477.3,12.65
2024-05-20,3690.96,3682.06,3703.03,3677.44,18460.94,2799.71,12.7
2024-05-21,3676.16,3682.29,3684.61,3665.15,13067.83,1965.75,12.67
2024-05-22,3684.45,3675.65,3691.88,3667.09,15191.46,2308.39,12.68
2024-05-23,3641.79,3672.84,3674.37,3633.51,14257.3,2142.05,12.55
2024-05-24,3601.48,3630.83,3650.87,3599.67,12479.12,1953.45,12.43
2024-05-27,3635.71,3606.65,3638.15,3603.71,13127.26,2061.44,12.56
2024-05-28,3609.17,3633.25,3638.97,3605.92,12353.22,1843.81,12.5
2024-05-29,3613.52,3609.07,3633.2,3602.82,11590.63,1790.73,12.5
2024-05-30,3594.31,3607.05,3624.04,3586.75,12260.3,1930.7,12.42
2024-05-31,3579.92,3599.82,3614.64,3579.92,11246.2,1807.08,12.37
2024-06-03,3588.75,3577.38,3600.6,3567.87,14105.46,2227.57,12.41
2024-06-04,3615.67,3583.81,3622.5,3580.28,12454.51,1957.91,12.48
2024-06-05,3594.79,3610.36,3623.32,3594.11,11090.68,1826.4,12.42
2024-06-06,3592.25,3602.16,3625.01,3584.17,13789.35,2267.64,12.42
2024-06-07,3574.11,3594.63,3603.07,3552.09,13110.3,2130.02,12.35
2024-06-11,3542.88,3555.82,3565.31,3525.89,13452.23,2192.82,12.22
2024-06-12,3544.12,3539.09,3551.17,3531.57,12281.37,2007.23,12.23
2024-06-13,3526.13,3548.22,3551.08,3520.18,12324.55,2147.92,12.18
2024-06-14,3541.53,3514.8,3547.15,3503.52,17151.69,2837.69,12.22
2024-06-17,3536.2,3521.44,3540.79,3520.74,13743.34,2322.94,12.18
2024-06-18,3545.59,3533.49,3551.71,3532.78,12367.18,2088.24,12.22
2024-06-19,3528.75,3543.36,3543.36,3524.84,10664.28,1847.9,12.19
2024-06-20,3503.28,3525.17,3533.99,3500.13,11161.74,1865.16,12.14
2024-06-21,3495.62,3496.34,3505.51,3473.83,10918.66,1827.37,12.1
2024-06-24,3476.81,3473.64,3505.78,3471.22,11799.02,1957.88,12.06
2024-06-25,3457.9,3475.16,3483.22,3440.65,11844.81,1908.86,12.01
2024-06-26,3480.26,3451.54,3487.4,3442.3,10589.89,1715.38,12.06
2024-06-27,3454.12,3467.29,3471.14,3452.58,11491.81,1741.13,11.99
2024-06-28,3461.66,3443.67,3484.68,3443.67,13540.92,2051.19,12.06
2024-07-01,3478.18,3458.26,3479.95,3443.81,12182.98,1880.18,12.14
2024-07-02,3471.79,3472.45,3488.32,3464.52,12165.01,1861.05,12.17
2024-07-03,3463.41,3471.56,3478.7,3454.99,10385.71,1630.35,12.12
2024-07-04,3445.81,3468.3,3483.31,3444.93,10442.99,1594.77,12.09
2024-07-05,3431.06,3443.36,3451.04,3399.67,11660.97,1814.17,12.0
2024-07-08,3401.76,3420.8,3428.04,3395.91,11552.82,1775.6,11.92
2024-07-09,3439.81,3396.8,3448.93,3384.81,13162.94,2150.49,12.05
2024-07-10,3428.97,3425.88,3447.51,3423.65,12720.35,1981.49,11.99
2024-07-11,3468.17,3451.04,3473.98,3438.12,14589.25,2375.51,12.09
2024-07-12,3472.4,3459.96,3479.1,3457.36,13087.46,2050.56,12.11
2024-07-15,3476.25,3462.61,3481.46,3460.79,11851.71,1715.85,12.16
2024-07-16,3498.28,3466.85,3500.29,3464.37,12065.9,2004.56,12.2
2024-07-17,3501.58,3494.21,3514.48,3486.22,13180.21,2228.31,12.18
2024-07-18,3520.93,3483.3,3522.8,3475.72,12376.82,2157.84,12.24
2024-07-19,3539.02,3500.81,3545.34,3493.07,13244.8,2280.65,12.27
2024-07-22,3514.92,3538.4,3540.19,3494.01,13212.63,2174.57,12.16
2024-07-23,3439.88,3509.79,3509.79,3439.88,12889.77,2028.58,11.97
2024-07-24,3418.17,3432.35,3451.42,3408.41,12703.63,1848.84,11.93
2024-07-25,3399.27,3404.61,3415.86,3383.8,13102.22,1901.31,11.84
2024-07-26,3409.29,3403.71,3420.82,3388.66,12419.56,1878.53,11.83
2024-07-29,3390.74,3404.37,3408.5,3388.84,10978.78,1666.97,11.81
2024-07-30,3369.38,3380.69,3380.69,3352.8,10495.22,1654.43,11.72
2024-07-31,3442.08,3364.03,3445.0,3364.03,17195.92,2582.49,11.91
2024-08-01,3419.27,3443.14,3448.34,3419.19,13632.35,2060.38,11.85
2024-08-02,3384.39,3393.92,3419.1,3380.96,11661.53,1796.71,11.75
2024-08-05,3343.32,3362.11,3409.03,3343.32,14281.25,2236.31,11.6
2024-08-06,3342.98,3367.35,3376.8,3318.63,11934.03,1817.25,11.58
2024-08-07,3341.49,3338.59,3362.38,3329.97,9508.44,1450.79,11.59
2024-08-08,3342.94,3332.43,3364.79,3320.84,9249.57,1494.83,11.6
2024-08-09,3331.63,3358.13,3366.67,3331.63,9151.16,1428.52,11.58
2024-08-12,3325.86,3327.56,3338.08,3319.89,7993.88,1175.45,11.57
2024-08-13,3334.39,3328.01,3335.01,3310.19,8448.97,1252.59,11.61
2024-08-14,3309.24,3332.79,3332.79,3309.1,7874.24,1181.82,11.54
2024-08-15,3341.95,3301.45,3356.76,3297.97,10476.64,1492.49,11.65
2024-08-16,3345.63,3342.03,3356.91,3335.62,9651.91,1358.85,11.7
2024-08-19,3356.97,3344.26,3375.96,3343.71,10557.11,1434.22,11.76
2024-08-20,3332.7,3361.64,3362.33,3321.64,10166.83,1379.11,11.69
2024-08-21,3321.64,3322.91,3339.44,3307.99,8995.48,1300.06,11.66
2024-08-22,3313.14,3322.87,3327.7,3305.25,10036.65,1477.03,11.67
2024-08-23,3327.19,3305.93,3336.24,3305.64,8952.58,1326.81,11.71
2024-08-26,3324.22,3330.72,3336.53,3311.57,9399.08,1390.71,11.7
2024-08-27,3305.33,3315.69,3320.57,3299.56,9580.82,1297.56,11.7
2024-08-28,3286.5,3298.91,3305.35,3274.59,9269.67,1359.82,11.62
2024-08-29,3277.68,3273.54,3290.79,3269.53,13070.23,1743.4,11.51
2024-08-30,3321.43,3273.75,3351.63,3273.65,18869.54,2683.76,11.6
2024-09-02,3265.01,3307.54,3307.76,3264.76,14761.24,1944.1,11.35
2024-09-03,3273.43,3261.74,3281.59,3261.19,12289.73,1550.89,11.3
2024-09-04,3252.16,3253.9,3272.99,3249.98,10483.25,1400.7,11.21
2024-09-05,3257.76,3252.96,3266.88,3247.17,9710.95,1346.18,11.21
2024-09-06,3231.35,3261.15,3274.81,3231.07,8840.04,1215.42,11.13
2024-09-09,3192.95,3214.8,3222.93,3180.93,10867.31,1465.16,11.0
2024-09-10,3195.76,3193.46,3205.1,3171.79,9729.01,1336.1,11.03
2024-09-11,3186.13,3187.05,3197.34,3174.03,10248.21,1415.14,10.94
2024-09-12,3172.47,3189.43,3201.55,3171.88,9286.87,1363.87,10.91
2024-09-13,3159.25,3174.03,3188.91,3159.25,8833.67,1374.49,10.88
2024-09-18,3171.01,3158.82,3179.9,3145.79,8472.28,1234.52,10.95
2024-09-19,3196.04,3178.4,3213.84,3149.79,12543.93,1817.85,11.0
2024-09-20,3201.05,3192.43,3207.99,3173.22,11806.41,1639.85,11.03
2024-09-23,3212.76,3200.87,3230.16,3198.02,9534.49,1438.76,11.09
2024-09-24,3351.91,3244.65,3351.97,3222.49,20407.22,3078.8,11.57
2024-09-25,3401.53,3403.7,3465.49,3393.44,24156.43,3568.63,11.73
2024-09-26,3545.32,3399.32,3545.32,3391.68,24313.4,3739.84,12.17
2024-09-27,3703.68,3617.92,3708.5,3596.58,26548.78,4666.93,12.56
2024-09-30,4017.85,3846.65,4038.7,3796.5,51021.77,8625.29,13.54
2024-10-08,4256.1,4450.37,4450.37,4094.35,58986.79,11303.87,14.21
2024-10-09,3955.98,4168.84,4197.6,3942.51,48226.93,10290.32,13.21
2024-10-10,3997.79,3979.61,4098.5,3912.77,39505.31,7179.52,13.43
2024-10-11,3887.17,3969.76,3978.24,3847.12,27409.65,4849.98,13.11
2024-10-14,3961.34,3915.22,3979.54,3868.78,30757.9,5340.77,13.36
2024-10-15,3855.99,3942.53,3967.87,3855.99,24248.64,4344.11,12.99
2024-10-16,3831.59,3806.14,3877.75,3805.09,21886.64,3773.01,12.94
2024-10-17,3788.22,3853.84,3882.07,3787.75,21231.38,3691.71,12.79
2024-10-18,3925.23,3780.31,3998.21,3765.16,31295.88,6206.74,13.17
2024-10-21,3935.2,3946.9,3979.26,3896.17,29118.56,6001.1,13.16
2024-10-22,3957.78,3923.74,3965.91,3917.52,22343.34,4428.82,13.23
2024-10-23,3973.21,3955.32,4012.18,3939.1,24587.39,4691.21,13.27
2024-10-24,3928.83,3950.9,3957.98,3914.09,17472.41,3404.87,13.14
2024-10-25,3956.42,3931.32,3992.89,3921.94,21069.49,4122.31,13.19
2024-10-28,3964.16,3953.11,3964.16,3917.2,21616.04,3904.5,13.2
2024-10-29,3924.65,3970.01,3991.31,3921.58,21729.4,4296.25,13.07
2024-10-30,3889.45,3904.16,3926.06,3864.31,21943.66,3850.11,12.93
2024-10-31,3891.04,3888.42,3923.9,3859.11,30063.67,5155.34,12.91
2024-11-01,3890.02,3882.46,3933.22,3879.96,30798.65,4764.73,12.64
2024-11-04,3944.76,3897.71,3944.76,3891.21,22923.91,3810.49,12.78
2024-11-05,4044.57,3937.62,4046.7,3925.41,31686.28,5809.72,13.06
2024-11-06,4024.28,4051.29,4091.7,4002.5,33580.79,6391.24,12.98
2024-11-07,4145.7,3987.27,4146.15,3984.67,34143.64,6581.46,13.37
2024-11-08,4104.05,4192.08,4200.91,4094.16,33235.04,6884.47,13.24
2024-11-11,4131.13,4066.93,4132.51,4048.04,28959.42,6256.06,13.26
2024-11-12,4085.74,4133.35,4181.71,4060.79,29777.81,6603.81,13.11
2024-11-13,4110.89,4059.59,4121.07,4059.59,24048.41,5127.34,13.19
2024-11-14,4039.62,4101.22,4118.17,4034.94,23015.28,4641.58,13.02
2024-11-15,3968.83,4025.65,4049.07,3968.83,24739.95,4740.8,12.84
2024-11-18,3950.38,3982.1,4034.06,3931.19,30677.79,4724.08,12.84
2024-11-19,3976.89,3954.6,3979.15,3896.75,24294.65,4026.11,12.88
2024-11-20,3985.77,3966.12,4001.08,3958.34,18459.94,3475.78,12.9
2024-11-21,3989.3,3979.46,3999.57,3966.07,16612.59,3242.35,12.9
2024-11-22,3865.7,3984.24,3990.26,3865.7,21628.58,3975.67,12.53
2024-11-25,3848.09,3875.61,3889.71,3812.32,19070.3,3490.07,12.48
2024-11-26,3840.18,3836.26,3875.23,3833.28,14989.24,2644.03,12.48
2024-11-27,3907.04,3829.34,3907.16,3817.91,17413.61,3206.32,12.67
2024-11-28,3872.55,3904.25,3908.39,3866.01,15011.73,2864.33,12.57
2024-11-29,3916.58,3869.89,3962.7,3869.89,18765.67,3752.62,12.68
2024-12-02,3947.63,3909.7,3955.13,3902.17,19728.98,3685.91,12.78
2024-12-03,3951.89,3946.7,3963.95,3922.84,18249.69,3272.95,12.82
2024-12-04,3930.56,3948.13,3957.37,3917.75,17462.63,3120.4,12.81
2024-12-05,3921.59,3916.56,3936.34,3910.08,13853.4,2577.16,12.76
2024-12-06,3973.14,3923.9,3995.12,3923.9,19205.79,3517.52,12.92
2024-12-09,3966.57,3970.66,3995.51,3948.42,17596.0,3082.27,12.93
2024-12-10,3995.64,4094.05,4098.38,3988.97,25346.38,4872.78,13.01
2024-12-11,3988.83,3988.02,4005.33,3977.35,17725.28,3107.13,12.98
2024-12-12,4028.5,3987.15,4031.74,3981.35,18162.18,3336.68,13.11
2024-12-13,3933.18,4000.99,4000.99,3931.74,23035.31,4214.79,12.83
2024-12-16,3911.84,3930.78,3938.76,3901.65,17851.13,3276.19,12.9
2024-12-17,3922.03,3908.13,3955.95,3908.13,16093.91,3060.37,12.93
2024-12-18,3941.89,3934.54,3956.14,3933.97,15773.83,2768.25,12.99
2024-12-19,3945.46,3911.89,3954.35,3899.75,16108.1,3217.72,12.97
2024-12-20,3927.74,3937.47,3958.63,3923.26,15498.65,3321.43,12.9
2024-12-23,3933.57,3928.15,3965.85,3928.15,19006.74,3540.63,12.97
2024-12-24,3983.69,3934.94,3985.86,3934.73,16149.46,3103.85,13.14
2024-12-25,3985.63,3987.96,4007.76,3969.48,15939.07,2992.95,13.19
2024-12-26,3987.48,3981.73,3991.53,3965.55,14342.53,3057.7,13.18
2024-12-27,3981.03,3987.02,4007.13,3970.94,16926.87,3450.11,13.17
2024-12-30,3999.05,3976.7,4005.78,3976.7,16461.25,3226.99,13.23
2024-12-31,3934.91,3995.87,4004.35,3934.91,18392.84,3478.8,13.06
2025-01-02,3820.4,3931.82,3934.2,3796.34,21789.87,3886.37,12.68
2025-01-03,3775.16,3825.24,3835.94,3767.67,17534.27,3043.23,12.55
2025-01-06,3768.97,3775.99,3788.85,3743.07,15094.67,2628.04,12.53
2025-01-07,3796.11,3760.87,3797.6,3749.06,14645.58,2668.56,12.59
2025-01-08,3789.22,3781.26,3810.74,3731.19,16916.7,3009.66,12.58
2025-01-09,3779.88,3780.73,3795.26,3768.68,12979.4,2514.86,12.51
2025-01-10,3732.48,3778.89,3786.81,3732.48,13752.32,2753.54,12.37
2025-01-13,3722.51,3704.44,3737.89,3704.11,13644.62,2478.62,12.32
2025-01-14,3820.54,3728.56,3826.64,3718.88,17066.47,3454.61,12.6
2025-01-15,3796.03,3810.04,3816.83,3790.17,14147.55,2788.51,12.54
2025-01-16,3800.38,3812.19,3842.95,3776.29,14450.59,3057.35,12.57
2025-01-17,3812.34,3788.37,3831.64,3780.21,12662.2,2654.37,12.59
2025-01-20,3829.68,3835.3,3858.67,3821.98,13958.13,2921.75,12.61
2025-01-21,3832.61,3850.36,3850.91,3817.12,14121.84,2850.73,12.6
2025-01-22,3797.02,3823.94,3823.94,3783.14,13725.51,2987.46,12.48
2025-01-23,3803.74,3829.05,3864.26,3801.85,18056.96,3451.98,12.55
2025-01-24,3832.86,3793.85,3847.6,3793.48,14897.17,2964.74,12.62
2025-01-27,3817.08,3836.96,3852.0,3817.08,14667.08,2829.4,12.63
2025-02-05,3795.08,3844.7,3844.7,3785.16,15716.83,3460.16,12.5
2025-02-06,3842.83,3789.61,3843.49,3788.32,16728.82,3718.92,12.64
2025-02-07,3892.7,3844.06,3919.35,3833.87,22185.77,4873.82,12.77
2025-02-10,3901.06,3898.1,3906.37,3878.83,18890.3,3849.68,12.78
2025-02-11,3883.14,3905.16,3905.16,3872.91,16657.49,3378.66,12.77
2025-02-12,3919.86,3875.96,3920.72,3867.35,16422.85,3548.31,12.86
2025-02-13,3905.14,3913.9,3939.2,3904.98,17248.59,3764.73,12.84
2025-02-14,3939.01,3900.83,3942.04,3900.83,17297.65,3609.74,12.93
2025-02-17,3947.4,3954.41,3955.9,3921.7,21358.82,4309.3,12.96
2025-02-18,3912.78,3942.58,3965.42,3901.87,20942.51,4001.86,12.89
2025-02-19,3940.16,3906.22,3943.67,3904.15,18282.95,3636.8,12.94
2025-02-20,3928.9,3934.65,3940.68,3916.18,16389.52,3259.72,12.91
2025-02-21,3978.44,3938.05,3981.05,3927.79,22740.03,5046.45,13.02
2025-02-24,3969.72,3972.48,3995.95,3949.23,22081.06,4550.89,12.98
2025-02-25,3925.65,3933.64,3955.43,3915.65,17810.86,3779.81,12.83
2025-02-26,3959.94,3931.84,3960.33,3925.37,19106.25,3864.58,12.93
2025-02-27,3968.12,3961.06,3973.93,3933.46,20288.8,4282.73,12.97
2025-02-28,3890.05,3950.19,3972.48,3886.4,19810.41,4203.08,12.76
2025-03-03,3888.47,3899.7,3930.0,3872.59,17762.32,3560.58,12.74
2025-03-04,3885.22,3865.99,3890.42,3855.73,14985.1,2977.39,12.7
2025-03-05,3902.57,3887.8,3906.42,3877.02,15865.28,2908.6,12.78
2025-03-06,3956.24,3923.38,3964.49,3917.08,19396.09,3974.19,12.92
2025-03-07,3944.01,3944.91,3967.07,3935.05,16673.24,3406.27,12.88
2025-03-10,3928.8,3945.58,3949.14,3905.13,15276.52,2925.75,12.82
2025-03-11,3941.42,3890.43,3941.42,3889.43,14475.44,2874.8,12.87
2025-03-12,3927.23,3946.86,3953.61,3921.47,15673.22,3096.27,12.82
2025-03-13,3911.58,3925.74,3939.29,3897.38,15653.64,2951.73,12.8
2025-03-14,4006.56,3919.62,4014.16,3919.62,21613.9,4508.95,13.08
2025-03-17,3996.79,4020.64,4021.73,3992.26,16220.29,3189.04,13.07
2025-03-18,4007.72,4011.78,4016.87,3995.96,14020.85,2927.39,13.08
2025-03-19,4010.17,4004.83,4025.3,3989.51,14441.94,2860.75,13.1
2025-03-20,3974.99,4011.06,4012.04,3969.93,13375.47,2600.21,13.0
2025-03-21,3914.7,3966.51,3983.15,3904.77,16590.53,3093.49,12.83
2025-03-24,3934.85,3916.11,3938.18,3907.2,15223.47,2660.51,12.9
2025-03-25,3932.3,3937.9,3946.36,3921.53,14047.54,2392.46,12.91
2025-03-26,3919.36,3930.21,3942.03,3916.86,13116.42,2209.43,12.87
2025-03-27,3932.41,3911.38,3952.99,3903.65,12679.37,2321.74,12.92
2025-03-28,3915.17,3930.78,3934.23,3907.38,12635.62,2133.79,12.86
2025-03-31,3887.31,3905.98,3928.45,3872.4,16679.85,2684.8,12.81
2025-04-01,3887.68,3892.78,3905.26,3882.4,14038.03,2460.42,12.81
2025-04-02,3884.39,3884.42,3900.49,3877.16,11304.32,1982.68,12.8
2025-04-03,3861.5,3843.42,3883.7,3843.42,14259.98,2636.85,12.76
2025-04-07,3589.44,3675.2,3707.78,3514.12,31257.86,5129.72,11.95
2025-04-08,3650.76,3597.99,3650.76,3583.87,28019.73,4640.21,12.18
2025-04-09,3686.79,3606.1,3686.79,3587.34,26230.57,4550.31,12.26
2025-04-10,3735.12,3749.13,3756.14,3708.82,22725.22,4038.43,12.38
2025-04-11,3750.52,3730.31,3762.37,3708.46,16875.97,3185.35,12.42
2025-04-14,3759.14,3772.04,3776.63,3754.03,16446.24,2925.71,12.47
2025-04-15,3761.23,3756.48,3764.49,3737.85,13400.6,2286.05,12.51
2025-04-16,3772.82,3757.88,3775.17,3721.6,15635.9,2617.11,12.57
2025-04-17,3772.22,3755.09,3779.13,3749.5,12237.1,2090.12,12.56
2025-04-18,3772.52,3760.04,3782.04,3754.41,10294.85,1731.09,12.57
2025-04-21,3784.88,3768.14,3790.18,3763.14,12135.57,2080.86,12.58
2025-04-22,3783.95,3780.11,3799.23,3778.08,12568.83,2102.01,12.61
2025-04-23,3786.88,3803.43,3807.95,3780.52,13198.69,2471.17,12.6
2025-04-24,3784.36,3787.46,3807.26,3775.21,11716.46,2054.83,12.63
2025-04-25,3786.99,3792.08,3801.58,3780.78,12459.11,2205.35,12.61
2025-04-28,3781.62,3786.39,3792.01,3772.8,12514.51,2106.35,12.61
2025-04-29,3775.08,3776.0,3785.32,3768.03,11151.47,1974.63,12.56
2025-04-30,3770.57,3775.83,3787.56,3768.76,14368.17,2448.2,12.51
2025-05-06,3808.54,3794.38,3809.09,3782.78,15852.05,2679.37,12.16
2025-05-07,3831.63,3861.58,3863.68,3814.99,16117.23,2860.11,12.26
2025-05-08,3852.9,3820.55,3867.33,3816.26,12495.98,2469.87,12.31
2025-05-09,3846.16,3848.62,3853.66,3836.53,11938.95,2166.98,12.31
2025-05-12,3890.61,3866.53,3890.73,3859.03,15333.25,2961.23,12.42
2025-05-13,3896.26,3915.59,3915.59,3890.69,14732.03,2675.86,12.45
2025-05-14,3943.21,3894.84,3960.52,3890.65,17203.38,3194.65,12.61
2025-05-15,3907.2,3934.03,3936.47,3904.91,13808.17,2414.65,12.53
2025-05-16,3889.09,3898.67,3903.85,3874.86,11840.53,2088.36,12.45
2025-05-19,3877.15,3882.57,3885.59,3866.57,9864.34,1848.88,12.4
2025-05-20,3898.17,3883.1,3911.47,3881.74,10488.52,2016.37,12.46
2025-05-21,3916.38,3899.44,3928.63,3899.44,10979.13,2170.38,12.52
2025-05-22,3913.87,3912.6,3923.02,3903.09,10759.71,1975.11,12.52
2025-05-23,3882.27,3910.37,3931.55,3882.27,12027.74,2329.45,12.41
2025-05-26,3860.11,3875.79,3884.54,3849.04,10960.12,2088.77,12.34
2025-05-27,3839.4,3857.63,3865.43,3834.85,9857.24,1784.67,12.29
2025-05-28,3836.24,3843.07,3849.74,3833.96,8903.1,1624.96,12.29
2025-05-29,3858.7,3838.01,3869.79,3831.46,10847.19,2094.6,12.34
2025-05-30,3840.23,3850.49,3858.61,3829.25,11167.22,1993.9,12.3
2025-06-03,3852.01,3833.46,3863.3,3832.72,13140.31,2267.83,12.33
2025-06-04,3868.74,3855.49,3875.86,3855.49,11680.39,2117.36,12.37
2025-06-05,3877.56,3872.64,3883.13,3861.27,12287.82,2317.49,12.4
2025-06-06,3873.98,3878.1,3889.46,3869.39,11098.8,2020.35,12.4
2025-06-09,3885.25,3877.8,3894.65,3871.99,13630.63,2620.24,12.41
2025-06-10,3865.47,3887.55,3897.46,3850.47,14556.39,2636.48,12.37
2025-06-11,3894.63,3870.67,3911.61,3870.67,14241.48,2572.18,12.45
2025-06-12,3892.2,3885.52,3900.04,3870.38,13399.87,2602.4,12.44
2025-06-13,3864.18,3881.49,3889.16,3853.82,17253.95,3091.72,12.37
2025-06-16,3873.8,3853.62,3876.17,3853.62,13734.18,2468.61,12.37
2025-06-17,3870.38,3875.18,3880.42,3860.41,12234.25,2204.0,12.38
2025-06-18,3874.97,3871.65,3881.35,3854.66,12752.86,2305.54,12.41
2025-06-19,3843.09,3870.05,3872.94,3834.95,13028.07,2348.4,12.33
2025-06-20,3846.64,3839.78,3856.48,3839.78,11815.1,2135.23,12.34
2025-06-23,3857.9,3831.17,3867.59,3827.08,13380.09,2324.82,12.39
2025-06-24,3904.03,3862.39,3914.16,3862.39,16365.62,2942.29,12.45
2025-06-25,3960.07,3907.07,3963.04,3902.18,18721.37,3617.27,12.6
2025-06-26,3946.02,3953.16,3964.48,3945.26,16531.63,3281.03,12.54
2025-06-27,3921.76,3949.79,3969.26,3918.2,19455.79,3434.68,12.41
2025-06-30,3936.08,3920.31,3940.36,3911.6,14517.02,2888.21,12.45
2025-07-01,3942.76,3935.91,3946.25,3924.72,12895.94,2360.7,12.46
2025-07-02,3943.68,3943.32,3952.14,3929.7,14706.31,2466.38,12.46
2025-07-03,3968.07,3949.4,3971.62,3945.14,14100.4,2696.1,12.51
2025-07-04,3982.2,3967.46,4013.85,3958.38,15719.71,2905.13,12.58
2025-07-07,3965.17,3977.29,3979.75,3956.57,13113.53,2251.07,12.54
2025-07-08,3998.45,3965.43,4002.27,3965.43,15640.29,2920.9,12.62
2025-07-09,3991.4,3997.5,4016.74,3987.43,17329.38,3053.99,12.61
2025-07-10,4010.02,3993.42,4032.98,3992.52,20977.89,3478.37,12.68
2025-07-11,4014.81,4011.47,4065.94,4010.11,26205.28,4437.81,12.66
2025-07-14,4017.67,4021.21,4034.92,4017.67,20791.72,3214.16,12.69
2025-07-15,4019.06,4023.99,4042.66,3994.26,19104.29,3535.25,12.67
2025-07-16,4007.2,4019.39,4027.86,3993.92,15102.73,3006.57,12.64
2025-07-17,4034.49,4005.07,4034.59,4005.07,16124.9,3255.17,12.68
2025-07-18,4058.55,4039.87,4064.64,4039.32,18621.11,3542.44,12.75
2025-07-21,4085.61,4069.77,4086.12,4063.44,22326.85,3779.39,12.83
2025-07-22,4118.96,4087.34,4119.2,4068.34,25759.7,4508.74,12.91
2025-07-23,4119.77,4129.15,4155.68,4113.91,30050.62,4703.31,12.93
2025-07-24,4149.04,4116.83,4152.43,4111.88,31963.24,4870.0,12.98
2025-07-25,4127.16,4145.32,4150.5,4117.8,27359.5,4304.46,12.9
2025-07-28,4135.82,4128.2,4146.12,4112.97,22275.98,4067.93,12.92
2025-07-29,4152.02,4132.68,4153.33,4117.58,23080.79,4287.64,12.76
2025-07-30,4151.24,4148.94,4185.21,4127.43,24985.3,4451.68,12.79
2025-07-31,4075.59,4141.56,4141.82,4063.67,26708.74,4921.43,12.61
2025-08-01,4054.93,4069.93,4085.35,4040.46,19622.18,3596.85,12.53
2025-08-04,4070.7,4037.94,4070.7,4037.94,16227.59,2959.77,12.59
2025-08-05,4103.45,4080.39,4106.3,4075.58,17885.2,3069.34,12.71
2025-08-06,4113.49,4100.43,4116.71,4098.35,17667.62,3076.75,12.74
2025-08-07,4114.67,4120.28,4129.74,4094.82,19864.19,3581.08,12.77
2025-08-08,4104.97,4109.27,4122.21,4097.42,17317.12,3085.08,12.75
2025-08-11,4122.51,4110.29,4134.25,4103.61,19044.37,3606.86,12.76
2025-08-12,4143.83,4123.58,4153.29,4121.22,17728.78,3830.88,12.85
2025-08-13,4176.58,4150.5,4186.75,4147.2,21393.5,4627.77,12.92
2025-08-14,4173.31,4179.97,4220.31,4165.94,22110.36,4850.76,12.92
2025-08-15,4202.35,4162.42,4214.73,4157.5,26132.76,5186.87,12.97
2025-08-18,4239.41,4218.25,4272.96,4203.42,30147.91,6353.66,13.07
2025-08-19,4223.37,4241.77,4264.23,4215.21,25081.88,5535.36,13.06
2025-08-20,4271.4,4208.4,4272.15,4190.56,24648.18,5388.15,13.2
2025-08-21,4288.07,4284.37,4308.45,4273.65,25903.0,5585.21,13.26
2025-08-22,4378.0,4287.36,4378.39,4287.36,29043.49,6759.35,13.48
2025-08-25,4469.22,4416.29,4472.65,4404.78,35809.0,8236.82,13.71
2025-08-26,4452.59,4453.35,4476.8,4435.53,27062.14,6279.5,13.66
2025-08-27,4386.13,4458.84,4494.91,4386.13,33313.39,7850.98,13.43
2025-08-28,4463.78,4378.04,4464.8,4364.17,29683.45,7394.24,13.61
2025-08-29,4496.76,4455.8,4516.84,4452.36,35193.89,8311.94,13.71
2025-09-01,4523.71,4516.88,4528.13,4487.53,32036.67,7703.78,14.31
2025-09-02,4490.45,4521.98,4548.89,4454.42,30393.26,7779.99,14.28
2025-09-03,4459.83,4501.34,4510.73,4427.52,25432.02,6556.97,14.15
2025-09-04,4365.21,4461.25,4465.5,4327.51,30793.46,7731.25,13.97
2025-09-05,4460.32,4365.61,4466.56,4350.3,24962.57,6641.67,14.14
2025-09-08,4467.57,4467.17,4482.76,4438.07,26763.84,6836.31,14.14
2025-09-09,4436.26,4448.74,4472.09,4412.69,22137.55,5628.61,14.07
2025-09-10,4445.36,4438.3,4466.63,4414.59,20359.76,5355.39,14.11
2025-09-11,4548.03,4438.84,4548.03,4427.92,25326.41,6931.57,14.38
2025-09-12,4522.0,4544.59,4564.67,4517.79,26644.2,6895.76,14.31
2025-09-15,4533.06,4534.89,4566.91,4522.5,23188.57,6133.15,14.32
2025-09-16,4523.34,4539.92,4552.42,4494.79,24926.92,6137.28,14.27
2025-09-17,4551.02,4517.29,4556.03,4503.8,23571.65,6084.54,14.33
2025-09-18,4498.11,4546.03,4573.83,4454.99,30985.98,8399.87,14.15
2025-09-19,4501.92,4499.09,4533.09,4491.84,22504.4,6038.87,14.14
2025-09-22,4522.61,4512.03,4523.87,4487.13,19646.0,5631.49,14.17
2025-09-23,4519.78,4536.76,4560.73,4459.73,25282.71,6805.14,14.2
2025-09-24,4566.07,4495.27,4567.49,4494.11,22048.26,6291.61,14.28
2025-09-25,4593.49,4563.98,4613.95,4558.84,22982.33,6698.67,14.32
2025-09-26,4550.05,4576.91,4597.85,4550.05,20848.21,5987.24,14.22
2025-09-29,4620.05,4555.03,4647.57,4541.43,27435.89,6933.95,14.39
2025-09-30,4640.69,4629.9,4647.5,4616.22,24798.04,6646.24,14.42
2025-10-09,4709.48,4662.11,4726.34,4651.99,34767.87,8622.08,14.62
2025-10-10,4616.83,4679.5,4692.59,4600.96,31902.09,7927.43,14.42
2025-10-13,4593.98,4490.87,4601.81,4490.87,31501.04,7140.02,14.35
2025-10-14,4539.06,4634.05,4641.45,4520.93,37295.4,8089.59,14.27
2025-10-15,4606.29,4544.24,4608.82,4526.83,28477.19,6073.26,14.45
2025-10-16,4618.42,4588.92,4645.1,4586.28,24823.55,5605.67,14.54
2025-10-17,4514.23,4610.7,4618.56,4509.33,25690.56,5590.86,14.27
2025-10-20,4538.22,4558.24,4570.44,4520.5,21842.04,5057.99,14.36
2025-10-21,4607.87,4556.12,4615.46,4547.93,21571.12,5513.9,14.57
2025-10-22,4592.57,4576.03,4603.49,4567.24,18533.4,4409.35,14.57
2025-10-23,4606.34,4578.7,4611.34,4541.69,20046.39,4208.0,14.62
2025-10-24,4660.68,4622.79,4660.68,4622.79,20881.45,5519.87,14.75
2025-10-27,4716.02,4699.38,4720.43,4687.69,26220.07,6726.7,14.93
2025-10-28,4691.97,4697.73,4734.32,4679.23,22090.66,5715.63,14.88
2025-10-29,4747.84,4701.04,4747.84,4697.27,24621.13,6458.99,15.01
2025-10-30,4709.91,4735.98,4761.83,4706.45,27328.91,7199.56,14.9
2025-10-31,4640.67,4702.49,4706.14,4640.67,28146.47,6807.12,14.68
2025-11-03,4653.4,4636.73,4653.4,4595.73,23986.98,5576.03,14.75
2025-11-04,4618.7,4649.35,4665.32,4595.07,23322.4,5051.78,14.69
2025-11-05,4627.26,4562.11,4642.61,4558.76,20304.59,4683.61,14.71
2025-11-06,4693.4,4642.01,4698.09,4642.01,22424.1,5536.42,14.88
2025-11-07,4678.79,4673.76,4701.37,4666.04,21249.74,5075.74,14.83
2025-11-10,4695.05,4688.12,4695.18,4654.21,23602.68,5939.77,14.89
2025-11-11,4652.17,4706.34,4707.13,4648.49,18663.89,4776.29,14.79
2025-11-12,4645.91,4643.56,4669.61,4620.99,20946.06,4923.09,14.82
2025-11-13,4702.07,4643.79,4703.49,4643.79,20736.75,5100.61,14.94
2025-11-14,4628.14,4663.32,4684.26,4628.02,19209.27,4447.2,14.74
2025-11-17,4598.05,4616.81,4624.9,4580.26,18895.55,4389.4,14.62
2025-11-18,4568.19,4584.79,4606.62,4552.8,17771.32,4201.5,14.53
2025-11-19,4588.29,4568.04,4607.86,4568.04,17292.5,3852.3,14.63
2025-11-20,4564.95,4619.54,4620.65,4560.18,19456.26,4150.65,14.59
2025-11-21,4453.61,4513.39,4527.04,4453.18,22285.1,4812.96,14.3
2025-11-24,4448.05,4473.16,4478.81,4421.81,18583.37,4258.07,14.24
2025-11-25,4490.4,4475.84,4510.77,4467.35,16957.19,4115.24,14.35
2025-11-26,4517.63,4490.2,4538.14,4485.7,15620.04,4273.61,14.38
2025-11-27,4515.4,4520.01,4559.22,4509.86,15031.18,4177.9,14.41
2025-11-28,4526.66,4511.5,4531.72,4492.43,14290.21,3418.32,14.42
2025-12-01,4576.49,4539.19,4576.97,4531.29,20038.23,4638.62,14.54
2025-12-02,4554.33,4571.91,4575.49,4539.43,14849.31,3643.66,14.5
2025-12-03,4531.05,4554.59,4569.82,4523.5,16976.28,3744.86,14.44
2025-12-04,4546.57,4533.6,4557.42,4514.19,14719.81,3487.67,14.46
2025-12-05,4584.54,4547.91,4593.83,4535.02,19680.0,4121.47,14.54
2025-12-08,4621.75,4593.14,4640.63,4592.74,19962.1,4967.16,14.62
2025-12-09,4598.22,4611.38,4628.7,4584.25,18416.03,4521.14,14.57
2025-12-10,4591.83,4586.25,4598.54,4549.08,16911.11,4014.53,14.51
2025-12-11,4552.18,4597.19,4610.28,4547.14,16841.94,4324.31,14.42
2025-12-12,4580.95,4558.74,4583.68,4530.78,21282.65,5238.63,14.45
2025-12-15,4552.06,4550.0,4595.05,4548.44,16759.0,4243.83,14.56
2025-12-16,4497.55,4542.42,4553.08,4484.27,16516.52,3905.0,14.42
2025-12-17,4579.88,4499.77,4594.66,4498.93,17842.48,4525.05,14.64
2025-12-18,4552.79,4553.98,4571.97,4544.14,15168.13,3821.02,14.1
2025-12-19,4568.18,4561.37,4591.09,4546.85,15487.62,3715.77,14.11
2025-12-22,4611.62,4587.67,4615.87,4587.67,16525.29,4482.41,14.21
2025-12-23,4620.73,4616.03,4644.53,4607.8,16925.64,4331.41,14.26
2025-12-24,4634.06,4623.68,4639.43,4602.14,15371.12,4063.76,14.28
2025-12-25,4642.54,4629.32,4651.15,4621.92,13943.42,3853.56,14.31
2025-12-26,4657.24,4639.79,4676.13,4635.11,17539.66,4604.27,14.31
2025-12-29,4639.37,4658.27,4672.04,4629.06,20039.71,4826.14,14.31
2025-12-30,4651.28,4617.32,4664.33,4616.63,18037.5,4571.85,14.34
2025-12-31,4629.94,4656.48,4667.05,4622.1,17076.02,4444.92,14.31
2026-01-05,4717.75,4661.62,4721.64,4661.62,23414.48,6305.77,14.49
2026-01-06,4790.69,4719.21,4790.69,4718.01,29697.07,7254.15,14.69
2026-01-07,4776.67,4796.93,4802.6,4751.07,25909.56,6648.98,14.62
2026-01-08,4737.65,4761.01,4765.49,4717.01,23880.5,6306.56,14.52
2026-01-09,4758.92,4725.96,4771.43,4719.13,25468.8,6687.89,14.59
2026-01-12,4789.92,4769.65,4795.93,4737.57,29483.32,7999.54,14.67
2026-01-13,4761.03,4798.05,4836.95,4745.52,30144.95,8010.55,14.62
2026-01-14,4741.93,4767.7,4818.1,4720.25,36495.1,8913.34,14.52
2026-01-15,4751.43,4721.8,4769.55,4720.94,25400.36,6740.59,14.51
2026-01-16,4731.87,4778.43,4792.55,4715.36,32527.89,7856.24,14.43
2026-01-19,4734.46,4720.19,4761.63,4715.09,26761.25,6551.49,14.43
2026-01-20,4718.88,4736.91,4748.23,4684.97,28271.96,6719.61,14.43
2026-01-21,4723.07,4714.55,4758.28,4714.24,26635.33,6653.31,14.39
2026-01-22,4723.71,4741.75,4757.76,4700.45,27419.99,6902.35,14.38
2026-01-23,4702.5,4729.59,4734.79,4684.62,31463.54,7556.18,14.28
2026-01-26,4706.96,4715.38,4754.18,4693.16,36300.45,7968.33,14.34
2026-01-27,4705.69,4705.17,4736.99,4675.64,30147.57,7152.68,14.33
2026-01-28,4717.99,4725.6,4739.63,4697.91,38225.56,8294.14,14.36
2026-01-29,4753.87,4733.09,4770.96,4696.05,41551.31,9179.66,14.48
2026-01-30,4706.34,4723.08,4738.87,4645.47,31978.65,7505.65,14.35
2026-02-02,4605.98,4674.28,4716.61,4601.76,30477.35,7259.2,14.1
2026-02-03,4660.11,4648.36,4662.13,4578.21,26554.94,6666.27,14.18
2026-02-04,4698.68,4647.97,4701.48,4641.84,26488.1,6360.19,14.32
2026-02-05,4670.42,4664.75,4687.02,4639.43,23785.64,5504.33,14.27
2026-02-06,4643.6,4622.97,4678.26,4606.64,20271.65,5057.6,14.21
2026-02-09,4719.06,4693.67,4719.96,4679.9,20725.19,5227.57,14.39
2026-02-10,4724.3,4718.26,4732.09,4713.87,18700.1,4503.4,14.41
2026-02-11,4713.82,4715.67,4723.7,4703.69,17339.17,4334.29,14.41
2026-02-12,4719.58,4720.01,4726.04,4707.74,19784.14,4904.74,14.39
2026-02-13,4660.41,4693.41,4703.63,4658.4,18916.78,4528.79,14.2
2026-02-24,4707.54,4727.3,4727.37,4698.35,21848.89,5260.84,14.32
2026-02-25,4735.89,4713.58,4766.56,4713.34,28426.84,5969.04,14.38
2026-02-26,4726.87,4741.39,4742.15,4706.69,23484.76,5998.49,14.35
2026-02-27,4710.65,4698.3,4721.01,4692.89,26142.09,5788.21,14.32
2026-03-02,4728.67,4681.01,4735.41,4667.28,34926.08,7526.82,14.45
2026-03-03,4655.9,4737.32,4744.6,4651.4,37062.43,8016.59,14.4
2026-03-04,4602.62,4609.19,4639.42,4575.82,30303.57,6089.23,14.23
2026-03-05,4647.69,4651.94,4671.53,4630.3,25931.78,5704.44,14.32
2026-03-06,4660.44,4621.49,4671.71,4612.79,23852.79,4878.07,14.34
2026-03-09,4615.46,4600.25,4625.98,4548.97,32278.76,6658.22,14.26
2026-03-10,4674.76,4648.79,4677.6,4648.79,26390.37,5576.08,14.33
2026-03-11,4704.5,4681.03,4711.87,4674.71,27017.54,5795.64,14.44
2026-03-12,4687.56,4700.72,4704.38,4654.31,30298.68,5721.05,14.42
2026-03-13,4669.14,4669.06,4707.42,4659.5,31077.2,5803.06,14.37
2026-03-16,4671.56,4669.22,4673.69,4621.81,29621.51,5987.99,14.37
2026-03-17,4637.44,4685.57,4720.86,4637.37,26302.19,5785.02,14.32
2026-03-18,4658.33,4648.75,4662.29,4604.52,23469.07,5241.74,14.35
